# Blender 4.5.0
# www.blender.org
mtllib shoreline.mtl
o Shoreline
v -20.961788 -12.728786 23.738049
v 22.458548 -12.310096 24.268202
v -20.275291 -12.728786 -24.919228
v 21.753820 -12.310094 -21.020178
v -48.068157 -0.364907 46.944962
v 45.870930 -0.267950 47.726730
v -43.987240 -0.364907 -48.254162
v 43.608532 -0.267949 -41.648521
v -25.332806 -14.047170 -0.821954
v 26.385633 -13.386525 1.229455
v -64.652550 -0.182171 -1.762366
v 59.682343 -0.020851 2.204060
v 0.643303 -16.649405 -27.507980
v 1.018191 -16.649403 28.288416
v 0.713545 -0.914560 -59.275936
v 0.563469 -0.914558 62.289242
v 0.826928 -20.447042 -0.395668
v -122.456703 2.931489 116.145073
v 119.789787 2.931489 118.074150
v -111.306046 2.931489 -121.823853
v 113.801125 2.931489 -105.928810
v -163.736389 2.931490 -5.905268
v 154.760239 2.931489 3.828330
v 2.839103 2.931488 -149.143417
v 2.160468 2.931489 154.030548
v -196.612534 2.931490 185.968872
v 193.385361 2.931490 189.069336
v -178.690720 2.931489 -196.504349
v 183.760117 2.931489 -170.957199
v -262.958893 2.931490 -10.195334
v 249.718750 2.931490 5.448894
v 4.895406 2.931487 -240.413406
v 3.804673 2.931490 246.859909
v -11.794211 -18.514017 -15.234229
v -36.849117 -6.704991 16.459494
v -14.344994 -8.151753 -37.731129
v 34.876854 -6.291568 -13.903603
v 16.349913 -8.001560 38.156338
v -11.693361 -18.514019 13.993873
v -35.592541 -6.704992 -18.205227
v 35.623756 -6.291570 17.833715
v 13.548136 -18.117399 -13.276469
v 15.375290 -8.001559 -34.648895
v -15.373848 -8.151752 38.001499
v 13.851331 -18.117401 14.545379
v -99.068199 2.558226 -47.628277
v 42.077202 2.503118 -90.882866
v 97.878761 2.575032 45.105591
v -44.219727 2.497332 97.981270
v -104.224327 2.558226 41.686264
v 95.199730 2.575032 -37.770977
v -39.266819 2.497332 -97.641373
v 44.959450 2.503118 98.301811
v -193.981476 2.931490 -94.394829
v 84.148903 2.931488 -179.130905
v 194.821091 2.931489 87.291275
v -86.423805 2.931489 190.872849
v -204.141586 2.931490 80.597084
v 189.548920 2.931489 -75.125633
v -76.649254 2.931488 -192.332626
v 89.806664 2.931489 191.499542
v -23.359816 -13.841690 -15.186004
v 12.913103 -15.180364 -24.688314
v 25.125143 -13.263634 14.627817
v -11.454978 -15.454468 26.731430
v -28.792616 -6.999223 30.355347
v 28.719563 -6.713578 30.900213
v -27.007841 -6.999223 -31.369343
v 27.547709 -6.713577 -26.590086
v -58.432819 -0.203925 -28.085327
v 24.296009 -0.666826 -53.937752
v 56.898510 -0.062750 27.261488
v -25.896255 -0.715426 58.873592
v -23.714249 -13.841690 13.608360
v 24.736242 -13.263633 -11.813632
v -61.278736 -0.203925 25.200739
v 55.392616 -0.062749 -22.029139
v -12.561487 -18.919035 -0.744394
v -39.237244 -6.690359 -0.974168
v 37.550426 -6.217920 1.740065
v -11.320945 -15.454471 -27.290699
v 13.522407 -15.180367 26.980896
v -23.221731 -0.715428 -58.129578
v 25.973297 -0.666825 59.069977
v 14.356727 -18.465796 0.393303
v 0.732747 -20.007429 -15.087786
v 0.502324 -8.787940 -38.410595
v 0.683454 -8.787936 40.338181
v 1.008739 -20.007429 14.791846
v -82.012955 2.539061 78.164322
v 79.182198 2.550603 79.457825
v -74.588226 2.539061 -81.254120
v 75.186188 2.550604 -70.576439
v -109.675148 2.560816 -3.584635
v 102.443840 2.580021 2.944661
v 1.620175 2.473625 -99.566856
v 1.180003 2.473627 103.566689
v -147.881180 2.931489 -71.646477
v 63.815723 2.931488 -136.209702
v 147.929245 2.931489 66.786156
v -65.938026 2.931489 145.708405
v -155.622528 2.931489 61.685646
v 143.912231 2.931489 -56.964638
v -58.490479 2.931488 -146.268539
v 68.126549 2.931489 146.185898
v -160.613098 2.931489 152.072433
v 157.806000 2.931489 154.604279
v -145.978394 2.931489 -160.250198
v 149.946152 2.931489 -139.388733
v -214.790680 2.931490 -8.112692
v 203.797684 2.931489 4.662180
v 3.926224 2.931488 -196.105774
v 3.035551 2.931489 201.795273
v -237.475784 2.931490 -115.857231
v 103.160522 2.931488 -219.625839
v 238.724564 2.931490 106.637260
v -105.758278 2.931490 233.484177
v -249.917969 2.931490 98.439476
v 232.268219 2.931490 -92.260002
v -93.788261 2.931488 -235.792770
v 110.089073 2.931490 234.251663
v -16.778728 -15.748548 -21.130545
v -18.623182 -16.850426 -8.139739
v -5.852714 -20.076925 -8.149543
v -5.447498 -18.562574 -21.954939
v -27.211136 -10.282969 20.995184
v -31.158661 -10.498343 7.030418
v -49.295494 -3.090365 9.554744
v -42.719707 -3.217305 29.221189
v -17.913572 -11.186460 -30.358149
v -6.001844 -12.856750 -32.858788
v -8.831963 -4.381790 -47.019417
v -26.350035 -3.739143 -42.912556
v 27.061636 -9.830215 -18.155355
v 30.874594 -9.914356 -5.592151
v 45.376492 -2.791880 -7.819345
v 39.159885 -2.986139 -25.377638
v 20.083969 -10.891819 29.991491
v 7.793410 -12.746673 33.507290
v 10.609667 -4.334645 48.604179
v 28.456915 -3.599012 42.986008
v -18.648176 -16.850428 6.566583
v -16.987326 -15.748546 19.878418
v -5.211176 -18.562572 21.510975
v -5.727301 -20.076921 7.010652
v -30.774408 -10.498343 -8.733030
v -26.205778 -10.282969 -22.414213
v -40.138355 -3.217305 -30.864197
v -48.247787 -3.090365 -11.954840
v 31.145063 -9.914358 8.744653
v 27.801676 -9.830215 21.793810
v 40.607273 -2.986140 30.285528
v 45.944004 -2.791880 11.914447
v 7.484299 -19.843327 -7.355942
v 20.286528 -16.268293 -5.934274
v 18.538485 -15.297226 -17.973438
v 6.972360 -18.381659 -20.729481
v 7.207463 -12.746674 -31.352060
v 19.212198 -10.891818 -26.575180
v 26.888803 -3.599012 -38.152107
v 9.865319 -4.334646 -45.181538
v -6.070621 -12.856750 33.427212
v -18.787205 -11.186457 29.668756
v -28.810659 -3.739143 42.647774
v -9.702832 -4.381788 48.542095
v 7.394060 -18.381659 21.695089
v 19.033215 -15.297229 20.431549
v 20.446913 -16.268293 7.730704
v 7.637090 -19.843325 7.422276
v -82.472481 1.633225 -20.282207
v -68.615746 1.602406 -51.410156
v -110.013000 2.893516 -82.748543
v -132.248825 2.894396 -33.045780
v 17.059921 1.361507 -74.974236
v 46.079205 1.518618 -63.833923
v 75.316521 2.891121 -102.680191
v 28.122480 2.886631 -120.356911
v 78.319565 1.698113 19.208723
v 69.586044 1.652656 49.916443
v 113.480690 2.894951 79.207878
v 127.517517 2.896250 30.062918
v -17.005369 1.351377 79.837898
v -50.101494 1.488275 70.375580
v -80.488739 2.890255 111.891190
v -27.136555 2.886343 126.933693
v -73.824257 1.602406 48.189411
v -84.576683 1.633224 15.404262
v -135.698730 2.894397 24.007999
v -118.558205 2.893516 76.456093
v 66.831390 1.652657 -42.945221
v 77.228348 1.698113 -13.774005
v 125.737747 2.896250 -22.726622
v 108.993248 2.894951 -69.369995
v -45.021709 1.488274 -71.107338
v -14.960077 1.351375 -77.771873
v -23.725189 2.886342 -124.769409
v -72.132240 2.890254 -114.157677
v 48.962605 1.518619 70.911102
v 18.210039 1.361508 79.931793
v 29.940779 2.886633 127.081963
v 79.992661 2.891122 112.741898
v -183.886642 2.931490 -46.429920
v -152.946884 2.931489 -115.581902
v -192.616470 2.931490 -145.927902
v -231.598801 2.931490 -58.800415
v 39.604782 2.931488 -167.906387
v 105.669266 2.931489 -143.315414
v 133.394363 2.931489 -180.870483
v 50.065876 2.931488 -211.853714
v 178.641769 2.931489 41.375210
v 159.040939 2.931489 109.753990
v 200.701126 2.931489 137.982224
v 225.413483 2.931489 51.828945
v -37.557140 2.931489 176.154129
v -111.868401 2.931489 155.227036
v -140.859528 2.931489 195.275574
v -47.215191 2.931489 221.642502
v -164.841705 2.931489 105.925560
v -188.688766 2.931490 32.951450
v -237.649216 2.931490 41.215481
v -207.603271 2.931490 133.158615
v 152.795273 2.931489 -96.971687
v 176.164581 2.931489 -32.074600
v 222.292389 2.931490 -40.713554
v 192.831940 2.931489 -122.480103
v -100.235657 2.931489 -159.280701
v -32.807182 2.931488 -174.044220
v -41.230511 2.931488 -219.586990
v -126.202957 2.931488 -200.985840
v 112.177040 2.931489 156.410522
v 42.134144 2.931489 176.360397
v 53.252724 2.931489 221.902390
v 141.593781 2.931489 196.766708
v -21.689648 -13.362022 -21.049168
v -17.717236 -16.560860 -15.047141
v -11.314152 -17.492943 -21.676151
v -16.539930 -14.076482 -26.172083
v -19.037445 -16.882553 -0.798517
v -12.326074 -18.878958 -8.165113
v -24.717344 -14.026622 -8.260549
v 0.769194 -20.406658 -7.920506
v -5.628312 -19.678389 -15.336120
v -5.931254 -20.119551 -0.622479
v -5.508399 -16.365108 -27.786270
v 0.697484 -18.878597 -21.687086
v -22.234165 -13.362021 19.650639
v -29.613508 -10.427766 14.466243
v -33.533325 -6.760170 24.074980
v -23.748137 -10.394393 26.158936
v -31.617329 -10.506185 -0.856708
v -38.786022 -6.691822 7.955163
v -24.890324 -14.026621 6.619415
v -64.196007 -0.184346 12.000457
v -46.943840 -3.123475 19.899754
v -49.734879 -3.086686 -1.250624
v -36.647610 -3.414302 36.957592
v -55.902271 -0.258311 37.096302
v -12.239290 -12.161491 -32.134647
v -21.083672 -7.530708 -35.377899
v -22.660391 -10.394395 -27.262991
v 0.560557 -13.087195 -32.583824
v -7.066171 -8.622038 -38.684017
v -11.435758 -0.860782 -59.615101
v -17.898981 -4.098733 -45.835426
v 0.532142 -4.485704 -46.728050
v -33.863861 -3.414302 -37.979156
v -34.215263 -0.532226 -54.461788
v 23.186306 -12.866750 -17.277325
v 29.369642 -9.898421 -12.254152
v 31.831247 -6.406864 -20.753292
v 23.790583 -10.024016 -22.983345
v 31.495604 -9.901234 1.517276
v 36.781067 -6.235753 -6.310168
v 25.883917 -13.388873 -5.518650
v 58.425381 -0.028615 -10.275527
v 42.999447 -2.852889 -17.038933
v 46.347027 -2.777489 1.951200
v 33.792759 -3.228296 -32.507317
v 50.486267 -0.137709 -32.629299
v 18.832840 -13.707260 25.598835
v 14.327962 -11.950820 32.179417
v 23.123472 -7.311945 35.249615
v 24.661549 -10.024018 26.679617
v 0.869292 -13.087195 33.942623
v 8.748943 -8.545452 39.821529
v 7.436535 -16.219501 27.952637
v 13.690950 -0.836465 61.554207
v 20.048735 -4.004793 46.592506
v 0.551303 -4.485702 49.209064
v 35.423901 -3.228297 37.585827
v 36.877602 -0.459400 54.554749
v -17.800385 -16.560860 13.578575
v -12.255213 -18.878958 6.739236
v -16.986986 -14.076480 25.200945
v -11.265933 -17.492937 20.735571
v 1.056129 -18.878597 21.893965
v -5.412444 -19.678389 14.480075
v -5.357198 -16.365108 27.833639
v 0.918258 -20.406658 7.266990
v -28.879322 -10.427766 -16.088474
v -38.114437 -6.691822 -9.858180
v -31.868475 -6.760170 -25.526278
v -52.136810 -0.258311 -39.278732
v -44.988781 -3.123475 -22.008347
v -62.672371 -0.184346 -15.353389
v 26.079214 -13.388872 8.088003
v 29.893789 -9.898422 15.655639
v 37.173779 -6.235754 9.935425
v 32.853878 -6.406866 24.972677
v 23.760124 -12.866755 20.356092
v 52.510925 -0.137709 38.429768
v 44.070728 -2.852890 21.543983
v 59.225155 -0.028615 14.945163
v 7.660226 -19.877567 -0.039632
v 14.072403 -18.441427 -6.621941
v 7.210099 -19.466627 -14.318423
v 19.468817 -16.033194 -12.296790
v 20.678005 -16.279524 0.838033
v 18.161566 -13.707257 -22.707808
v 13.039145 -17.153990 -19.360397
v 6.917059 -16.219501 -26.393961
v 13.558398 -11.950820 -29.308699
v 8.099295 -8.545454 -37.053600
v 21.970152 -7.311944 -31.196674
v 34.736439 -0.459400 -48.729683
v 18.782331 -4.004793 -42.348080
v 12.788096 -0.836466 -57.408062
v -12.728065 -12.161489 31.998388
v -7.480821 -8.622035 39.758862
v -22.617830 -7.530707 34.943672
v -37.864227 -0.532225 54.138607
v -19.658903 -4.098732 46.430344
v -12.856330 -0.860781 61.480335
v 13.494884 -17.153992 21.105040
v 7.506513 -19.466627 14.760193
v 19.793188 -16.033197 14.382642
v 14.223807 -18.441427 7.544831
v -76.891457 1.625067 -36.856953
v -106.263390 2.560557 -26.346060
v -85.108345 1.634131 -2.564460
v -57.895824 1.557991 -63.063274
v -88.404739 2.551751 -66.306053
v -131.949753 2.931489 -99.519783
v -123.289330 2.894163 -59.518421
v -92.809830 2.892246 -101.337410
v -136.501587 2.894422 -4.729402
v -158.632614 2.931490 -39.882214
v 32.279411 1.432191 -70.535454
v 22.321707 2.482922 -96.545250
v 1.093562 1.328968 -77.348503
v 57.786488 1.598390 -54.671459
v 59.995678 2.527812 -82.314880
v 90.872375 2.931489 -123.437515
v 52.864319 2.888651 -113.325722
v 94.345200 2.893401 -88.087532
v 2.224863 2.885702 -124.106621
v 34.011261 2.931488 -144.645096
v 75.314423 1.683890 35.319313
v 101.735954 2.579096 24.383223
v 78.882004 1.701348 2.541642
v 60.853901 1.598389 62.043171
v 90.488686 2.566108 63.875790
v 136.823975 2.931489 94.812813
v 122.710648 2.895844 55.850990
v 99.334564 2.893401 98.593781
v 128.394394 2.896343 3.383446
v 153.707413 2.931489 35.842068
v -34.277554 1.411941 76.492149
v -21.875671 2.480029 102.254814
v 0.790254 1.328969 80.868004
v -63.552387 1.557991 61.033009
v -64.662163 2.519142 90.149857
v -96.523743 2.931489 134.029343
v -55.010620 2.888073 121.625267
v -102.098259 2.892246 96.985970
v 1.660733 2.885703 128.561996
v -32.457340 2.931489 152.077148
v -80.823837 1.625067 32.651028
v -95.236595 2.551751 61.662434
v -109.021927 2.560557 19.511881
v -162.774033 2.931490 28.577301
v -129.737991 2.894163 51.599972
v -142.208008 2.931489 91.511116
v 73.261742 1.683890 -29.124516
v 86.895790 2.566109 -55.526917
v 100.311325 2.579097 -18.037495
v 151.571045 2.931489 -27.502005
v 119.364067 2.895844 -47.280403
v 131.437607 2.931489 -83.470085
v -30.520817 1.411940 -75.850845
v -57.984833 2.519142 -91.565353
v -19.157398 2.480027 -100.101952
v -28.360910 2.931488 -149.938431
v -48.807453 2.888072 -121.710716
v -86.491531 2.931488 -137.206177
v 34.507736 1.432191 76.743401
v 63.743111 2.527812 90.834541
v 23.786619 2.482923 102.374298
v 36.192612 2.931489 152.255020
v 56.456402 2.888652 122.023270
v 96.484764 2.931489 135.049988
v -171.419952 2.931490 -83.261772
v -208.092209 2.931490 -52.705780
v -189.804672 2.931490 -7.032378
v -129.009705 2.931489 -141.444321
v -173.072250 2.931489 -130.977188
v -211.870117 2.931490 -160.656342
v -215.891479 2.931490 -105.206398
v -162.457062 2.931489 -178.513046
v -239.055161 2.931490 -9.161813
v -254.755905 2.931490 -64.804443
v 74.230103 2.931488 -158.125244
v 44.926075 2.931488 -190.201965
v 3.404778 2.931488 -173.122360
v 132.310715 2.931489 -123.013428
v 119.765404 2.931489 -162.368027
v 146.789749 2.931489 -199.097885
v 93.737320 2.931488 -199.530014
v 166.998825 2.931489 -155.291168
v 4.418187 2.931487 -218.425522
v 55.114941 2.931487 -233.183548
v 171.935471 2.931489 77.256058
v 202.414780 2.931489 46.678650
v 179.863266 2.931489 4.254093
v 139.254807 2.931489 136.726395
v 180.217773 2.931489 124.074883
v 220.837769 2.931490 151.682785
v 216.959595 2.931489 97.036705
v 175.747971 2.931489 171.965866
v 226.953003 2.931489 5.058485
v 248.025101 2.931490 56.902649
v -76.396782 2.931489 168.769318
v -42.453861 2.931489 199.231537
v 2.617877 2.931489 178.419174
v -141.939316 2.931489 134.489548
v -126.576233 2.931489 175.544662
v -154.930542 2.931490 214.713165
v -96.163002 2.931489 212.338089
v -178.747650 2.931489 169.147583
v 3.426736 2.931489 224.496368
v -51.908825 2.931490 243.720322
v -180.396317 2.931490 71.341820
v -186.535721 2.931490 119.741570
v -213.527634 2.931490 37.143993
v -261.412201 2.931490 45.226425
v -227.201202 2.931490 89.585098
v -228.357620 2.931490 146.376175
v 167.277573 2.931489 -66.237633
v 173.148422 2.931489 -109.912735
v 199.610901 2.931489 -36.457355
v 244.591461 2.931490 -44.906475
v 211.090897 2.931490 -83.756981
v 212.180588 2.931490 -134.860611
v -67.761070 2.931488 -169.788818
v -113.409439 2.931488 -180.438736
v -37.077496 2.931488 -197.149200
v -45.324875 2.931487 -241.691193
v -85.282501 2.931488 -214.225464
v -138.806335 2.931488 -221.227402
v 79.228668 2.931489 169.323013
v 127.131386 2.931489 176.884232
v 47.788990 2.931489 199.464996
v 58.620888 2.931490 244.006210
v 100.035233 2.931489 213.035690
v 155.810226 2.931490 216.353622
v -18.819994 -14.113957 -23.404577
v -19.922316 -15.029292 -18.158880
v -14.409067 -17.265266 -18.363846
v -13.958386 -15.895935 -24.212595
v -22.056644 -15.562408 -4.521018
v -15.732001 -18.003042 -4.488472
v -15.167739 -17.855713 -11.706721
v -21.185583 -15.455785 -11.699107
v -2.579275 -20.395735 -4.328525
v -2.517505 -20.219620 -11.728801
v -8.934682 -19.455570 -11.801616
v -9.230564 -19.626455 -4.460489
v -2.410434 -17.866568 -24.938324
v -8.381103 -17.203333 -24.862356
v -8.555144 -18.766342 -18.678970
v -2.426400 -19.499271 -18.671110
v -23.524092 -11.748581 22.645535
v -25.693110 -12.059991 17.170099
v -31.681929 -8.552989 18.939472
v -28.205006 -8.613179 25.342951
v -28.313196 -12.341471 2.997654
v -35.108887 -8.602190 3.285139
v -33.984692 -8.592349 11.443327
v -27.361240 -12.285174 10.428346
v -56.595428 -1.516597 4.617083
v -55.068947 -1.529028 16.579058
v -42.725105 -4.844846 13.402695
v -44.024261 -4.831565 3.808854
v -45.569206 -1.690632 37.383167
v -35.210186 -5.047246 30.033880
v -39.774448 -4.897969 22.310781
v -51.387432 -1.578752 27.715612
v -19.292038 -12.179523 -27.256397
v -14.433817 -13.371981 -29.106268
v -16.278755 -9.816368 -33.861988
v -22.033354 -9.050753 -31.067789
v -2.574081 -14.953395 -30.313303
v -2.988961 -10.941329 -35.563995
v -9.843768 -10.533526 -35.292835
v -8.724848 -14.403098 -30.141693
v -4.727481 -2.545604 -52.704659
v -15.232961 -2.393772 -52.238171
v -11.940352 -6.293834 -42.077576
v -3.693839 -6.561642 -42.443439
v -34.352623 -1.889528 -45.638474
v -26.875116 -5.378740 -36.756657
v -19.761871 -5.850755 -40.260674
v -25.231245 -2.149494 -49.985561
v 23.983086 -11.307795 -19.837135
v 26.159002 -11.534332 -14.834826
v 30.695333 -8.108623 -16.176735
v 27.474058 -8.243462 -22.026474
v 28.761209 -11.702147 -2.085859
v 34.077156 -8.061809 -2.151129
v 32.875732 -8.087285 -9.460647
v 27.799398 -11.687647 -8.768573
v 51.976440 -1.288267 -3.480441
v 50.098316 -1.315613 -14.200663
v 39.729317 -4.482044 -11.190284
v 41.219265 -4.443405 -2.598961
v 41.430622 -1.534946 -32.820896
v 32.864296 -4.782328 -26.144794
v 36.961544 -4.578732 -19.137926
v 46.608540 -1.390956 -24.105093
v 21.495117 -11.813254 26.686319
v 16.660847 -13.081969 28.771666
v 18.376312 -9.596822 33.831734
v 24.048773 -8.756698 30.653055
v 4.277085 -14.888705 31.041151
v 4.505624 -10.894484 36.828461
v 11.743880 -10.395927 35.841335
v 10.750479 -14.215715 30.251768
v 6.317422 -2.528231 54.963985
v 17.457296 -2.341679 53.550014
v 13.841575 -6.202414 43.050121
v 5.118565 -6.530962 44.227634
v 36.404659 -1.768236 45.453045
v 28.748854 -5.171144 36.510059
v 21.843456 -5.700436 40.532135
v 27.640848 -2.062747 50.457623
v -22.101093 -15.562408 2.898114
v -21.330488 -15.455785 10.112363
v -15.136762 -17.855715 10.250484
v -15.715182 -18.003042 2.943110
v -19.279203 -14.113955 22.181549
v -14.120392 -15.895932 23.251493
v -14.422378 -17.265265 17.106361
v -20.202345 -15.029291 16.707159
v -2.108858 -17.866568 25.066801
v -2.138601 -19.499269 18.290628
v -8.384356 -18.766342 17.774622
v -8.280715 -17.203331 24.359217
v -2.507238 -20.395735 3.312582
v -9.176790 -19.626455 3.094110
v -8.792974 -19.455570 10.598301
v -2.315870 -20.219618 10.945762
v -28.177546 -12.341471 -4.666669
v -26.959827 -12.285174 -12.072728
v -33.227024 -8.592349 -13.177050
v -34.846344 -8.602190 -5.081045
v -22.694370 -11.748581 -23.936684
v -26.815138 -8.613179 -26.598658
v -30.518972 -8.552988 -20.500563
v -25.042566 -12.059991 -18.692032
v -42.227386 -1.690632 -38.888573
v -48.576797 -1.578752 -29.883808
v -37.902180 -4.897969 -24.031012
v -32.990440 -5.047246 -31.307880
v -55.948574 -1.516597 -7.526724
v -43.593281 -4.831565 -5.966833
v -41.488686 -4.844846 -15.417038
v -53.213112 -1.529028 -19.228439
v 28.875395 -11.702147 4.887427
v 28.137867 -11.687648 11.762016
v 33.355312 -8.087286 12.983930
v 34.241528 -8.061809 5.455167
v 24.703800 -11.307796 23.273966
v 28.424225 -8.243464 26.014524
v 31.449497 -8.108624 19.983189
v 26.709507 -11.534334 18.085262
v 43.285297 -1.534947 38.302502
v 48.128315 -1.390957 29.204044
v 38.033760 -4.578733 23.526672
v 34.185829 -4.782330 30.791447
v 52.319397 -1.288267 7.682729
v 41.459045 -4.443405 6.334195
v 40.423328 -4.482045 15.208949
v 51.088184 -1.315613 18.787506
v 4.194921 -20.273960 -3.984035
v 10.957725 -19.276350 -3.444340
v 10.620540 -19.128336 -10.460851
v 4.049991 -20.105799 -11.272243
v 23.482527 -14.923083 -2.352069
v 22.739119 -14.858256 -8.895424
v 16.933413 -17.357763 -9.568465
v 17.467478 -17.470274 -2.852624
v 20.462156 -13.673169 -19.786993
v 15.679544 -15.531403 -21.279535
v 16.201067 -16.827158 -15.780799
v 21.586500 -14.503633 -14.848250
v 3.798724 -17.783535 -24.270422
v 3.897784 -19.399111 -18.101938
v 10.215250 -18.478403 -17.024014
v 9.964801 -16.964361 -22.939941
v 3.813236 -14.888705 -29.575003
v 10.122127 -14.215715 -28.021284
v 10.989837 -10.395928 -33.005672
v 4.056961 -10.894485 -34.771194
v 20.713884 -11.813252 -23.352827
v 23.030010 -8.756696 -26.760691
v 17.430059 -9.596820 -30.354176
v 15.927881 -13.081967 -25.887220
v 34.488094 -1.768235 -39.975227
v 25.962147 -2.062746 -45.434700
v 20.594986 -5.700435 -36.358501
v 27.361929 -5.171143 -31.918537
v 5.915488 -2.528233 -51.693348
v 4.700758 -6.530964 -41.572735
v 12.920214 -6.202415 -39.555737
v 16.291655 -2.341679 -49.305386
v -2.360070 -14.953394 30.993891
v -8.836381 -14.403096 30.101843
v -10.326979 -10.533525 35.729969
v -2.967211 -10.941327 36.795551
v -20.061237 -12.179523 26.253864
v -23.354624 -9.050751 30.246565
v -17.249622 -9.816367 33.604031
v -14.901900 -13.371979 28.494659
v -37.632557 -1.889528 44.938133
v -27.882959 -2.149493 50.197037
v -21.457884 -5.850754 40.307156
v -29.029474 -5.378740 36.077465
v -5.315356 -2.545603 54.933315
v -3.946800 -6.561640 44.199463
v -12.949424 -6.293832 42.948780
v -16.913023 -2.393771 53.436550
v 4.231430 -17.783535 25.140394
v 10.471204 -16.964361 24.583200
v 10.586421 -18.478405 18.115358
v 4.245395 -19.399113 18.404850
v 21.071133 -13.673172 22.720976
v 22.025263 -14.503634 17.468710
v 16.591543 -16.827162 17.667822
v 16.236330 -15.531405 23.635473
v 23.569204 -14.923083 4.472755
v 17.544109 -17.470272 4.124006
v 17.164770 -17.357763 11.074521
v 23.000227 -14.858256 11.217615
v 4.272151 -20.273958 3.559992
v 4.273972 -20.105799 11.117167
v 10.847015 -19.128336 11.105923
v 11.033846 -19.276352 3.825109
v -73.442459 0.855716 -9.963408
v -69.835403 0.849915 -25.077784
v -91.201622 2.188070 -32.851166
v -95.923721 2.190142 -13.229220
v -55.444580 0.774500 -50.398144
v -72.411888 2.161136 -65.683762
v -83.270630 2.179783 -50.668427
v -63.761414 0.826710 -38.813274
v -112.081131 2.931489 -102.130859
v -128.905502 2.931490 -78.930702
v -105.515114 2.781148 -64.392990
v -91.750366 2.777419 -83.382355
v -148.517654 2.931490 -21.056152
v -121.559669 2.783220 -17.026140
v -115.568802 2.782806 -41.854275
v -141.193954 2.931490 -51.392773
v 7.872011 0.383618 -66.846756
v 21.508677 0.470677 -63.859783
v 28.453333 2.052627 -83.163750
v 10.526027 2.021535 -86.989677
v 45.371105 0.738285 -52.022144
v 59.830452 2.148202 -67.909447
v 45.147293 2.099116 -76.880745
v 34.201618 0.600846 -58.973633
v 94.183647 2.931489 -105.640747
v 71.148209 2.931489 -119.479591
v 57.796913 2.765014 -97.576057
v 76.542503 2.774832 -86.246017
v 16.888693 2.931488 -135.042709
v 13.618074 2.749497 -110.321754
v 36.485214 2.755716 -105.501701
v 44.963924 2.931488 -129.158066
v 68.614029 0.962270 9.658989
v 67.071648 0.949508 24.094854
v 88.271248 2.223639 31.023428
v 90.252602 2.228197 12.233092
v 56.995312 0.847152 49.424606
v 75.132500 2.187083 63.973003
v 83.341476 2.211082 48.634098
v 63.276684 0.914348 37.627777
v 118.130692 2.931489 98.363144
v 130.947067 2.931489 74.634300
v 106.504356 2.787408 61.282955
v 96.057426 2.782608 80.701317
v 141.673187 2.931490 18.302906
v 115.263016 2.790831 15.187059
v 112.760231 2.789919 38.982841
v 138.611893 2.931490 47.382706
v -7.089396 0.375513 70.724785
v -22.439463 0.446368 68.844635
v -29.377089 2.043946 89.116722
v -9.211656 2.018641 91.529289
v -49.796719 0.681681 57.997021
v -65.232422 2.127987 75.102829
v -48.402103 2.084659 83.815964
v -36.943050 0.560364 64.732140
v -101.070923 2.931489 115.570961
v -74.955910 2.931489 129.024017
v -61.369823 2.762123 105.797073
v -82.727783 2.770789 94.784492
v -13.976610 2.931489 140.910233
v -11.551079 2.748920 115.530052
v -37.200890 2.753981 112.488808
v -45.385845 2.931489 137.196884
v -60.197021 0.774500 48.249012
v -67.748756 0.826710 35.721642
v -88.637192 2.179783 46.168209
v -78.813774 2.161136 62.453125
v -74.358482 0.855716 5.758108
v -97.155785 2.190142 7.200163
v -94.739067 2.188070 27.374928
v -72.464905 0.849915 21.272230
v -150.447662 2.931490 10.540094
v -146.735672 2.931490 41.751263
v -120.094841 2.782806 34.372738
v -123.135963 2.783220 8.831431
v -122.114990 2.931489 96.017029
v -99.944672 2.777419 78.780724
v -112.382385 2.781148 58.166321
v -137.314011 2.931490 70.827019
v 54.437416 0.847153 -42.839199
v 61.172085 0.914348 -31.587677
v 80.533836 2.211082 -41.414852
v 71.725342 2.187083 -56.018654
v 68.137596 0.962270 -4.846652
v 89.616287 2.228197 -6.644822
v 86.437088 2.223639 -24.742189
v 65.697876 0.949508 -18.759520
v 140.678955 2.931490 -10.910533
v 135.746429 2.931490 -38.910755
v 110.418922 2.789920 -31.631617
v 114.450676 2.790831 -8.718325
v 112.812317 2.931489 -87.274994
v 91.711342 2.782609 -71.212761
v 102.921318 2.787408 -52.735523
v 126.562065 2.931490 -64.698608
v -45.109020 0.681681 -59.060638
v -33.114372 0.560363 -64.622185
v -43.216732 2.084658 -84.091698
v -58.906506 2.127986 -76.899910
v -6.128653 0.375512 -68.100685
v -7.857161 2.018639 -88.589706
v -25.985846 2.043945 -87.806000
v -19.955847 0.446367 -67.497345
v -11.819571 2.931488 -137.500107
v -40.044846 2.931488 -136.288208
v -32.842373 2.753979 -111.343254
v -9.793852 2.748918 -112.335060
v -91.149780 2.931489 -119.454185
v -74.626343 2.770788 -97.562401
v -54.721779 2.762122 -106.650856
v -66.812965 2.931488 -130.556442
v 47.993752 0.738284 58.652168
v 36.464893 0.600846 65.061241
v 48.136124 2.099117 84.239227
v 63.313587 2.148202 75.948067
v 8.303713 0.383620 70.762833
v 11.039921 2.021536 91.577858
v 30.433710 2.052628 89.298500
v 23.028343 0.470678 68.986557
v 17.655890 2.931489 140.984802
v 48.030098 2.931489 137.476440
v 38.994064 2.755717 112.717796
v 14.249496 2.749499 115.591148
v 99.614708 2.931489 116.874649
v 80.981468 2.774832 95.851860
v 61.599194 2.765015 106.331032
v 75.798782 2.931489 129.676071
v -174.964996 2.931490 -25.021235
v -166.334152 2.931490 -60.772358
v -190.287476 2.931490 -69.709114
v -200.163727 2.931490 -28.799118
v -132.025253 2.931489 -120.566200
v -151.027802 2.931489 -138.131210
v -173.716034 2.931490 -106.844971
v -151.852448 2.931490 -93.225266
v -187.284210 2.931489 -171.644821
v -215.431305 2.931490 -132.831070
v -194.805801 2.931490 -119.982628
v -169.357773 2.931489 -155.074509
v -248.242340 2.931490 -36.007240
v -224.470612 2.931490 -32.443295
v -213.392990 2.931490 -78.329582
v -235.989853 2.931490 -86.760246
v 20.078428 2.931488 -159.352203
v 53.249050 2.931488 -152.417236
v 61.084621 2.931488 -174.578339
v 23.083874 2.931488 -182.513992
v 111.430252 2.931489 -124.702538
v 127.752525 2.931489 -142.864410
v 96.548119 2.931489 -161.526566
v 84.198914 2.931489 -141.011353
v 158.680496 2.931489 -177.516876
v 119.943703 2.931489 -200.669174
v 108.396233 2.931489 -181.315704
v 143.414581 2.931489 -160.383469
v 28.752512 2.931487 -226.706207
v 25.957682 2.931488 -204.856033
v 68.599060 2.931488 -195.955063
v 75.920853 2.931488 -216.861206
v 167.510971 2.931490 21.362652
v 163.899460 2.931490 55.632637
v 187.850510 2.931490 63.493080
v 191.985153 2.931490 24.277945
v 139.712814 2.931490 115.712090
v 160.147980 2.931490 132.241989
v 177.488724 2.931490 100.242821
v 154.851242 2.931489 87.748123
v 198.888229 2.931490 163.780640
v 220.411240 2.931490 124.082420
v 199.221420 2.931490 112.295288
v 179.763901 2.931490 148.186844
v 238.401108 2.931490 29.840265
v 215.485336 2.931490 27.090061
v 210.846924 2.931490 71.075317
v 233.270554 2.931490 78.490639
v -16.357195 2.931490 165.853012
v -53.406940 2.931490 161.476883
v -61.054970 2.931490 184.610611
v -18.641117 2.931490 189.618210
v -119.049927 2.931490 135.991180
v -136.180161 2.931490 155.447342
v -100.956749 2.931490 173.589233
v -88.270058 2.931489 151.845322
v -168.864212 2.931490 192.569244
v -125.164894 2.931490 215.076126
v -113.195274 2.931490 194.563553
v -152.704071 2.931490 174.214874
v -23.029444 2.931490 234.961670
v -20.855993 2.931490 212.542282
v -68.436523 2.931490 206.925583
v -75.658195 2.931490 228.749252
v -143.849960 2.931490 112.947243
v -161.761719 2.931490 83.261307
v -185.055222 2.931490 95.108566
v -164.558823 2.931490 129.078171
v -177.239456 2.931490 12.214332
v -202.766388 2.931490 13.809526
v -197.760651 2.931490 55.898884
v -172.864944 2.931490 48.996094
v -251.471222 2.931490 16.853123
v -245.261093 2.931490 69.069252
v -221.775192 2.931490 62.557354
v -227.389847 2.931490 15.348261
v -204.070816 2.931490 159.855637
v -184.534698 2.931490 144.638168
v -207.524277 2.931490 106.536499
v -229.498688 2.931490 117.712852
v 133.445236 2.931490 -103.058861
v 149.683609 2.931490 -76.453041
v 171.575409 2.931490 -87.652519
v 152.975998 2.931489 -118.097557
v 166.339279 2.931490 -13.064819
v 190.644394 2.931490 -15.117396
v 183.986328 2.931490 -52.876675
v 160.522568 2.931490 -46.062534
v 236.737747 2.931490 -19.033669
v 228.476639 2.931490 -65.877892
v 206.512695 2.931490 -59.449635
v 213.981476 2.931490 -17.097326
v 189.990631 2.931490 -146.791046
v 171.719498 2.931490 -132.603989
v 192.588791 2.931490 -98.455612
v 213.075150 2.931490 -109.020874
v -107.358055 2.931489 -140.981430
v -78.673759 2.931488 -154.065216
v -89.975700 2.931488 -176.464096
v -122.801125 2.931489 -161.492325
v -13.815169 2.931488 -162.248199
v -15.732277 2.931488 -185.827866
v -53.852444 2.931488 -184.193588
v -47.112679 2.931488 -160.819992
v -19.420729 2.931487 -230.817413
v -66.722717 2.931487 -228.789917
v -60.357880 2.931488 -206.739944
v -17.593321 2.931487 -208.573029
v -152.266159 2.931489 -200.626663
v -137.697617 2.931489 -181.277267
v -100.878494 2.931488 -198.070221
v -111.541763 2.931488 -219.200684
v 117.830666 2.931490 137.527542
v 89.679520 2.931490 152.613770
v 102.819572 2.931490 174.468552
v 135.076523 2.931490 157.205399
v 20.982553 2.931490 165.940903
v 24.118464 2.931490 189.718796
v 65.219460 2.931490 184.987625
v 56.862476 2.931490 161.806351
v 30.036024 2.931490 235.086472
v 81.050552 2.931490 229.216965
v 73.236870 2.931490 207.348434
v 27.118122 2.931490 212.655106
v 167.766663 2.931490 194.750290
v 151.629456 2.931490 176.186798
v 115.430542 2.931490 195.549835
v 127.724083 2.931490 216.166992
v -20.883924 -13.032613 -23.357130
v -19.309042 -14.640525 -20.965628
v -16.509256 -15.049453 -23.787054
v -18.724539 -13.332616 -25.495058
v -20.575825 -15.295850 -15.048612
v -17.211546 -16.239044 -18.208344
v -22.534836 -13.636209 -18.293943
v -11.521420 -18.107765 -18.546886
v -14.106595 -16.701445 -21.398436
v -14.788538 -17.634367 -15.127161
v -14.041705 -14.801768 -26.787983
v -11.228599 -16.623772 -24.598572
v -22.209345 -15.562408 -0.811752
v -18.918106 -16.882572 -4.497390
v -21.697289 -15.535753 -8.170022
v -25.144247 -14.047170 -4.572921
v -12.501698 -18.919210 -4.480694
v -15.498337 -17.966282 -8.146000
v -15.820395 -18.002974 -0.777610
v -18.205336 -16.753922 -11.673632
v -12.076337 -18.757490 -11.761630
v -24.104929 -13.964978 -11.819891
v 0.794143 -20.448536 -4.189630
v -2.558587 -20.352697 -8.072337
v -5.921968 -20.120169 -4.414289
v -2.566512 -20.394741 -0.524505
v -2.469090 -19.950483 -15.270774
v -5.746995 -19.944700 -11.799674
v 0.749566 -20.275072 -11.561992
v -9.109705 -19.584089 -8.173381
v -8.738745 -19.197464 -15.313909
v -9.264009 -19.626102 -0.694229
v -2.463276 -16.593048 -27.750914
v -5.435260 -17.621853 -24.982695
v -2.402495 -18.819971 -21.902678
v 0.674015 -17.924717 -24.707987
v -8.422918 -18.116776 -21.870541
v -8.468734 -15.980582 -27.628162
v -5.520164 -19.232885 -18.730309
v 0.716224 -19.557386 -18.471584
v -21.511667 -13.032613 22.074905
v -24.667515 -11.897695 20.109823
v -25.645523 -10.272043 23.774519
v -22.057211 -11.785056 24.714468
v -26.593481 -12.200731 13.913795
v -28.524908 -10.349347 17.873013
v -22.985823 -13.636209 16.793795
v -35.364868 -6.719626 20.406416
v -30.102692 -8.553275 22.303244
v -32.967621 -8.577589 15.302533
v -25.963953 -8.767428 28.007690
v -31.345551 -6.846683 27.409760
v -28.404535 -12.341471 -0.833760
v -31.542088 -10.506186 3.114885
v -27.949957 -12.327396 6.770660
v -25.230204 -14.047170 2.927408
v -39.205608 -6.690358 3.514450
v -34.707123 -8.599730 7.418610
v -35.163967 -8.602190 -0.900331
v -30.503614 -10.474818 10.833124
v -37.995014 -6.696211 12.289626
v -24.367043 -13.964978 10.198316
v -64.731956 -0.182171 5.142978
v -56.102711 -1.519704 10.661023
v -49.756866 -3.086686 4.174387
v -56.544811 -1.516597 -1.472316
v -53.496426 -1.547674 22.290737
v -48.356052 -3.101402 14.820014
v -63.044861 -0.190873 18.717304
v -43.586037 -4.834886 8.659999
v -41.451298 -4.864767 17.973951
v -44.029953 -4.831565 -1.087753
v -41.864540 -1.777649 41.464947
v -39.913280 -3.300138 33.322594
v -48.744263 -1.625368 32.773239
v -52.292324 -0.303995 42.322884
v -37.694195 -4.955209 26.351364
v -32.322063 -5.184837 33.296520
v -45.064140 -3.160263 24.723528
v -58.897808 -0.225680 31.358000
v -17.007563 -12.764371 -28.279846
v -20.426855 -10.727847 -29.007629
v -21.212540 -11.785056 -25.865484
v -11.647385 -13.939257 -29.729078
v -15.168306 -11.684278 -31.390064
v -17.798750 -7.845958 -36.744648
v -19.259382 -9.416086 -32.654781
v -13.128034 -10.204536 -34.728355
v -24.564123 -8.767428 -29.062063
v -24.164965 -7.237846 -33.597317
v 0.602836 -15.006310 -30.060774
v -2.747694 -13.039020 -32.844620
v -5.691861 -14.746735 -30.338354
v -3.302727 -8.751734 -38.690559
v -6.454548 -10.785178 -35.567394
v 0.524405 -10.983818 -35.294609
v -9.174756 -12.558278 -32.623177
v -10.757197 -8.416245 -38.370892
v -5.379703 -0.902476 -59.651257
v -10.020514 -2.486041 -52.675411
v -4.167141 -4.462462 -47.041759
v 0.599925 -2.562866 -52.364452
v -20.318609 -2.278392 -51.354408
v -13.422513 -4.256331 -46.628223
v -17.400978 -0.796194 -59.122768
v -7.852913 -6.457347 -42.428486
v -15.921542 -6.086503 -41.363911
v 0.502256 -6.591315 -42.149254
v -38.468941 -1.777649 -42.583149
v -30.244205 -3.565334 -40.714233
v -29.924652 -2.016675 -48.093098
v -39.280766 -0.443223 -51.697803
v -23.425131 -5.607774 -38.735657
v -30.075623 -5.184837 -34.291470
v -22.221558 -3.921640 -44.608242
v -28.844370 -0.625199 -56.590809
v 22.386940 -12.580023 -19.488811
v 25.130669 -11.414248 -17.504541
v 25.571741 -9.860826 -20.720259
v 22.562183 -11.384340 -21.798073
v 27.053457 -11.636111 -11.899126
v 28.321314 -9.856514 -15.319867
v 23.987652 -13.098047 -14.688619
v 33.501827 -6.334686 -17.438423
v 29.226171 -8.145299 -19.225471
v 31.904276 -8.100322 -12.911410
v 25.416248 -8.436223 -24.548597
v 29.851191 -6.526897 -23.814936
v 28.934820 -11.696190 1.384831
v 31.302719 -9.906819 -2.073866
v 28.375692 -11.704478 -5.483905
v 26.229017 -13.392624 -2.180722
v 37.308132 -6.222282 -2.324032
v 33.602444 -8.073214 -5.861526
v 34.292599 -8.056773 1.633463
v 30.225485 -9.914630 -8.998580
v 35.970291 -6.258720 -10.182106
v 25.377327 -13.353226 -8.743298
v 59.269714 -0.022340 -4.099762
v 51.234058 -1.297231 -8.919223
v 46.034161 -2.780344 -2.982302
v 52.335033 -1.286139 2.069078
v 48.559662 -1.345994 -19.278154
v 44.367191 -2.815071 -12.518646
v 57.137081 -0.041482 -16.269796
v 40.632290 -4.456681 -6.956216
v 38.506886 -4.521919 -15.263431
v 41.493694 -4.439787 1.843753
v 38.184715 -1.639138 -36.616547
v 36.671425 -3.091198 -29.114094
v 44.235378 -1.453079 -28.634876
v 47.299934 -0.195015 -37.363247
v 35.083832 -4.662273 -22.777227
v 30.293482 -4.948689 -29.204077
v 41.266457 -2.908307 -21.338923
v 53.179756 -0.094222 -27.500120
v 20.978945 -12.931902 24.863255
v 19.251673 -12.432981 27.803083
v 22.543707 -10.395448 28.509729
v 23.332167 -11.384342 25.237804
v 13.800995 -13.697214 29.588934
v 17.328415 -11.429830 31.203934
v 16.316015 -14.475181 26.320362
v 19.862129 -7.661004 36.869614
v 21.353605 -9.158893 32.406704
v 15.159027 -10.024496 34.964497
v 26.419691 -8.436225 28.534445
v 26.090445 -6.985699 33.268948
v 0.954023 -15.006309 31.131220
v 4.355899 -12.983386 33.841156
v 7.559206 -14.619025 30.741919
v 4.243991 -16.519175 28.212788
v 4.751450 -8.713255 40.218731
v 8.177277 -10.692222 36.462555
v 0.775326 -10.983817 36.939358
v 11.133528 -12.396125 32.950287
v 12.630305 -8.302299 39.137188
v 10.545961 -15.767519 27.533497
v 7.199544 -0.890315 62.122761
v 11.977936 -2.451302 54.452187
v 5.632159 -4.438867 49.070831
v 0.533682 -2.562865 55.114620
v 22.697577 -2.208960 52.228237
v 15.432352 -4.185724 47.785835
v 19.971073 -0.759728 60.548359
v 9.546537 -6.396144 43.798012
v 17.956329 -5.965326 41.967110
v 0.605003 -6.591312 44.355835
v 40.109337 -1.639138 42.160625
v 32.146191 -3.402250 40.522671
v 32.229183 -1.912638 48.208965
v 41.646442 -0.358318 51.447456
v 25.456461 -5.428717 38.721138
v 31.674139 -4.948690 33.874847
v 24.407347 -3.804541 45.000927
v 31.631012 -0.564476 57.083851
v -21.789078 -15.535753 6.556760
v -18.928532 -16.882572 2.904953
v -20.782515 -15.295850 13.513104
v -18.253189 -16.753922 10.139937
v -11.982819 -18.757490 10.413456
v -15.469571 -17.966282 6.632779
v -14.769961 -17.634367 13.755317
v -12.463714 -18.919210 3.007768
v -19.311274 -13.332614 24.391464
v -16.818256 -15.049449 22.671673
v -19.673426 -14.640523 19.621115
v -11.252311 -16.623770 23.840757
v -14.177890 -16.701441 20.279722
v -14.333765 -14.801767 25.997772
v -17.346563 -16.239042 16.836060
v -11.433677 -18.107763 17.443928
v 1.050466 -17.924717 25.197462
v -2.096949 -18.819971 21.767324
v -5.226074 -17.621851 24.777643
v -2.191005 -16.593046 28.154005
v -2.217134 -19.950480 14.671758
v -5.283102 -19.232883 18.067251
v 1.040460 -19.557386 18.413557
v -8.272267 -18.116774 21.156525
v -8.572688 -19.197464 14.244786
v -8.453989 -15.980582 27.351416
v -5.857076 -20.120169 3.197320
v -2.418131 -20.352697 7.147687
v 0.870059 -20.448536 3.435078
v -9.007060 -19.584089 6.869849
v -5.569801 -19.944700 10.783057
v 0.966245 -20.275070 11.064452
v -27.680037 -12.327396 -8.435013
v -31.347818 -10.506186 -4.827599
v -26.064732 -12.200731 -15.513755
v -29.937963 -10.474818 -12.508241
v -37.014706 -6.696211 -14.129775
v -34.189526 -8.599730 -9.194214
v -31.992334 -8.577590 -16.966763
v -38.864407 -6.690358 -5.452344
v -24.566412 -10.272043 -25.048704
v -23.912666 -11.897695 -21.526648
v -29.577497 -6.846683 -28.660425
v -28.796661 -8.553275 -23.728008
v -27.639334 -10.349347 -19.408966
v -33.875313 -6.719626 -22.022638
v -48.281040 -0.303995 -44.086159
v -45.604496 -1.625368 -34.630280
v -37.168793 -3.300138 -34.673203
v -51.120827 -1.547674 -24.724684
v -42.751904 -3.160263 -26.619970
v -55.529194 -0.225679 -33.916813
v -35.604359 -4.955209 -27.867270
v -39.868690 -4.864767 -19.860476
v -49.224243 -3.086686 -6.649848
v -54.830189 -1.519704 -13.470609
v -63.957558 -0.182171 -8.622798
v -42.738201 -4.834886 -10.764543
v -46.828358 -3.101402 -17.097155
v -60.822327 -0.190872 -21.869211
v 26.326771 -13.392624 4.670846
v 28.603041 -11.704479 8.365349
v 31.439001 -9.906820 5.142275
v 27.499989 -11.636112 15.020846
v 30.625940 -9.914631 12.267934
v 25.669744 -13.353226 11.425476
v 36.547325 -6.258720 13.950701
v 33.927807 -8.073214 9.257487
v 32.527920 -8.100323 16.577993
v 37.506897 -6.222282 5.845882
v 26.391409 -9.860827 24.422113
v 25.774693 -11.414248 20.866041
v 23.038132 -12.580025 22.672710
v 30.967335 -6.526898 28.116026
v 30.091211 -8.145301 23.146400
v 28.960749 -9.856516 18.851292
v 34.399311 -6.334687 21.526474
v 24.472198 -13.098050 17.639576
v 49.484447 -0.195016 43.357368
v 45.951855 -1.453080 33.957397
v 38.238789 -3.091199 34.150402
v 49.833988 -1.345995 24.121170
v 42.545780 -2.908309 26.060343
v 54.974304 -0.094223 33.034340
v 36.300259 -4.662273 27.321503
v 39.402676 -4.521920 19.468603
v 46.321903 -2.780344 6.939885
v 51.910217 -1.297231 13.281781
v 59.675465 -0.022340 8.582504
v 41.105522 -4.456682 10.810037
v 45.198544 -2.815072 16.805582
v 58.307484 -0.041483 21.201628
v 4.245775 -20.271832 -0.231331
v 7.592850 -19.880424 -3.729640
v 4.127141 -20.234045 -7.672784
v 14.259336 -18.470160 -3.146036
v 10.809705 -19.242964 -6.996738
v 11.040477 -19.272734 0.171292
v 10.414348 -18.888227 -13.811625
v 7.351180 -19.720615 -10.893786
v 13.825482 -18.337780 -10.007667
v 3.971020 -19.842916 -14.757074
v 23.177443 -14.912834 -5.678246
v 20.551945 -16.285109 -2.582002
v 23.623426 -14.917127 1.044476
v 22.198490 -14.731231 -11.964970
v 19.914551 -16.195511 -9.184098
v 17.241428 -17.447180 -6.258312
v 16.575827 -17.163820 -12.752739
v 17.579168 -17.465239 0.618262
v 20.286749 -12.931899 -21.752750
v 18.221951 -14.639529 -20.470846
v 20.981581 -14.157076 -17.478010
v 12.904105 -16.316957 -22.130190
v 15.879013 -16.299208 -18.630457
v 15.672541 -14.475177 -23.705851
v 18.982117 -15.747775 -15.237662
v 13.269922 -17.738472 -16.401602
v 3.837835 -18.728083 -21.281500
v 6.912663 -17.458319 -23.667213
v 3.788007 -16.519175 -27.043369
v 7.077665 -19.035700 -17.605103
v 10.054862 -17.852552 -20.074591
v 9.976684 -15.767517 -25.596647
v 7.004028 -14.619026 -28.885380
v 3.895768 -12.983388 -32.079540
v 13.114440 -13.697214 -27.012104
v 10.445167 -12.396126 -30.421682
v 11.800174 -8.302299 -35.981083
v 7.561254 -10.692223 -34.004604
v 14.295255 -10.024496 -31.785252
v 4.318172 -8.713256 -37.864189
v 21.657118 -10.395446 -24.913406
v 18.486385 -12.432979 -24.662252
v 24.906851 -6.985697 -29.045469
v 20.354795 -9.158892 -28.687605
v 16.496683 -11.429828 -28.033405
v 18.779123 -7.661003 -33.059284
v 39.399834 -0.358318 -45.431698
v 30.395618 -1.912638 -42.910191
v 30.515570 -3.402249 -35.516315
v 21.242538 -2.208960 -47.562012
v 22.961409 -3.804541 -40.425690
v 29.680964 -0.564476 -51.559395
v 24.114233 -5.428716 -34.299553
v 16.848782 -5.965326 -38.106773
v 5.226078 -4.438869 -46.111050
v 11.164351 -2.451303 -50.678078
v 6.790347 -0.890316 -58.533840
v 8.855475 -6.396146 -40.709644
v 14.400519 -4.185724 -43.930290
v 18.644186 -0.759729 -55.881664
v -5.633953 -14.746732 30.645361
v -2.618117 -13.039019 33.802422
v -11.936111 -13.939255 29.379541
v -9.452506 -12.558276 32.823647
v -11.484412 -8.416244 39.033966
v -6.681482 -10.785176 36.393574
v -13.863193 -10.204535 34.801277
v -3.409417 -8.751732 40.189247
v -21.439041 -10.727846 28.096359
v -17.641144 -12.764369 27.451374
v -25.865570 -7.237846 32.856319
v -20.431639 -9.416084 32.098904
v -15.861588 -11.684277 30.958097
v -19.102789 -7.845956 36.648403
v -43.229950 -0.443223 50.869774
v -32.947338 -2.016674 47.837299
v -32.925434 -3.565334 40.056049
v -22.513494 -2.278390 52.051922
v -24.367182 -3.921639 44.762596
v -32.057491 -0.625198 56.792782
v -25.389164 -5.607773 38.404934
v -17.292387 -6.086501 41.812359
v -4.581425 -4.462461 49.042168
v -11.155616 -2.486040 54.385487
v -6.150658 -0.902475 62.088867
v -8.482918 -6.457345 43.737465
v -14.749722 -4.256330 47.680832
v -19.467031 -0.796193 60.422340
v 7.387264 -17.458319 24.925629
v 4.233773 -18.728083 21.859304
v 13.436481 -16.316959 24.143137
v 10.495070 -17.852552 21.433083
v 10.714115 -18.888227 14.662234
v 7.439588 -19.035700 18.295214
v 13.649277 -17.738474 17.895990
v 4.260670 -19.842916 14.812360
v 21.507847 -14.157079 20.256968
v 18.803598 -14.639533 23.136114
v 22.547888 -14.731231 14.430747
v 19.390959 -15.747775 17.501760
v 16.351578 -16.299210 20.742718
v 16.886015 -17.163824 14.436518
v 20.631910 -16.285107 4.291145
v 23.351068 -14.912834 7.881042
v 14.335014 -18.470160 3.969331
v 17.395056 -17.447180 7.623222
v 20.156256 -16.195513 11.110080
v 14.052711 -18.337782 11.082585
v 4.279674 -20.234045 7.354601
v 7.669818 -19.880424 3.689333
v 7.577499 -19.720615 11.124221
v 10.961475 -19.242964 7.481767
v -71.961304 0.854266 -17.644722
v -84.174210 1.634131 -11.511299
v -74.250854 0.855716 -2.130309
v -67.092766 0.841213 -32.166126
v -80.034462 1.630505 -28.767365
v -103.119019 2.559780 -37.242397
v -93.981346 2.189624 -23.203451
v -87.619667 2.184962 -42.047710
v -96.993584 2.190142 -3.053130
v -108.461906 2.560816 -15.079918
v -50.515137 0.733892 -55.142921
v -63.545654 1.583371 -57.654140
v -59.869350 0.804956 -44.922771
v -81.870911 2.546313 -74.316628
v -78.189659 2.172013 -58.588661
v -65.972450 2.146633 -71.829063
v -73.074783 1.616003 -44.441158
v -94.150291 2.555636 -57.363049
v -122.187706 2.931489 -111.472878
v -121.033501 2.931490 -91.169189
v -101.877892 2.892972 -92.710564
v -102.102020 2.931489 -111.623314
v -135.643539 2.931490 -65.607765
v -117.166397 2.893904 -71.626221
v -140.533737 2.931490 -86.174393
v -99.074638 2.779594 -74.410088
v -111.027824 2.782184 -53.488556
v -83.586281 2.774518 -91.152290
v -150.183670 2.931490 -5.319291
v -134.987946 2.894422 -19.030638
v -145.503220 2.931490 -36.478107
v -161.919693 2.931490 -23.065435
v -119.094070 2.783116 -29.647633
v -122.921631 2.783220 -4.147287
v -128.333054 2.894319 -46.599991
v -153.933624 2.931490 -56.145824
v 14.772077 0.419519 -65.580284
v 9.128049 1.339069 -76.407043
v 0.880946 0.367456 -67.679970
v 28.009344 0.532612 -61.664490
v 24.805075 1.393481 -73.025291
v 32.373394 2.492058 -94.060707
v 19.595255 2.034356 -85.369400
v 37.003071 2.074747 -80.343834
v 1.342826 2.015762 -88.053474
v 12.033512 2.476511 -98.369591
v 50.203392 0.798530 -47.719990
v 52.236462 1.560736 -59.572693
v 40.013027 0.670896 -55.766438
v 67.987617 2.539846 -76.858521
v 52.788818 2.124135 -72.745583
v 66.175018 2.169718 -62.343441
v 39.398823 1.474837 -67.479912
v 51.321754 2.515302 -86.978630
v 102.938988 2.931489 -115.300209
v 83.138145 2.931489 -113.103127
v 85.329666 2.892325 -95.898064
v 104.127441 2.931489 -97.046646
v 58.371059 2.931489 -124.815956
v 64.447495 2.889870 -108.475540
v 77.773781 2.931489 -130.390701
v 67.553642 2.770018 -92.355263
v 47.398663 2.760140 -101.945755
v 84.637184 2.779135 -79.210960
v 2.535071 2.931488 -136.676910
v 15.247278 2.885990 -122.621147
v 31.084059 2.931488 -132.551697
v 18.509888 2.931488 -147.361404
v 25.182909 2.752062 -108.281250
v 1.917043 2.748343 -111.660576
v 40.708740 2.887545 -117.272301
v 49.170712 2.931488 -140.944519
v 68.109802 0.958086 16.937717
v 78.888573 1.700727 10.884933
v 68.613548 0.963263 2.362818
v 65.470360 0.935330 31.026258
v 77.139854 1.692751 27.393391
v 100.224991 2.577564 34.911179
v 89.609802 2.226702 21.707464
v 86.195587 2.218575 40.044476
v 90.240982 2.228551 2.736826
v 102.459587 2.579843 13.676216
v 52.849171 0.798530 54.411621
v 65.612976 1.628778 56.348415
v 60.461414 0.885357 43.795277
v 85.348961 2.559286 72.142570
v 79.667557 2.200727 56.655773
v 69.694962 2.169718 70.449272
v 72.808174 1.670776 42.866867
v 94.649292 2.571285 54.811962
v 129.085617 2.931489 107.154617
v 125.217064 2.931489 87.044975
v 107.052979 2.894269 89.493439
v 109.619400 2.931489 108.376976
v 135.389160 2.931489 61.342937
v 118.679375 2.895469 67.929573
v 143.080109 2.931489 81.279655
v 101.832153 2.785337 71.438988
v 110.128807 2.788907 50.406487
v 89.125450 2.779135 88.896690
v 141.648758 2.931490 3.606980
v 128.416382 2.896325 16.738371
v 140.683716 2.931490 32.965420
v 154.786880 2.931490 19.853415
v 114.453392 2.790532 27.185278
v 115.243858 2.790902 3.161437
v 125.636147 2.896097 43.164619
v 151.446609 2.931490 51.563313
v -14.820024 0.403309 70.039360
v -8.115189 1.334004 80.613953
v 0.651993 0.367458 70.949669
v -29.847284 0.500212 67.091820
v -25.764692 1.378289 78.482933
v -33.211029 2.487718 100.525513
v -19.371033 2.028568 90.651276
v -39.098038 2.063176 86.860130
v 0.969257 2.015764 91.816315
v -10.362413 2.475065 103.243706
v -55.353760 0.733892 53.524025
v -57.181374 1.525359 66.136002
v -43.626339 0.622346 61.716797
v -73.798393 2.529738 84.713615
v -57.157497 2.106796 79.918701
v -72.495110 2.146633 69.302811
v -42.428352 1.449536 73.808678
v -54.753021 2.508074 94.547569
v -110.181694 2.931489 125.918800
v -88.546288 2.931489 123.008804
v -91.869133 2.891314 105.131569
v -112.327812 2.931489 106.607903
v -60.501766 2.931489 133.719162
v -68.141220 2.889148 117.358032
v -81.702629 2.931489 140.588593
v -72.483307 2.766551 100.872780
v -49.553596 2.757827 109.641151
v -91.937004 2.774518 87.448402
v 1.912724 2.931489 141.351074
v -12.761271 2.885847 128.161270
v -29.810125 2.931490 139.559692
v -15.180712 2.931490 153.549850
v -24.477961 2.750905 114.423843
v 1.413494 2.748344 115.891228
v -41.281033 2.887112 124.786095
v -49.449688 2.931490 149.500641
v -64.328148 0.804956 42.279163
v -69.098953 1.583371 55.009705
v -70.460464 0.841213 28.683607
v -77.731483 1.616002 40.695415
v -100.257095 2.555636 52.028881
v -84.192947 2.172013 54.694641
v -92.151047 2.184962 37.014683
v -89.157127 2.546313 70.427422
v -85.243561 1.634131 6.448495
v -73.763710 0.854266 13.594675
v -109.863724 2.560816 7.999135
v -96.405800 2.189624 17.389803
v -83.104500 1.630505 24.179539
v -107.144035 2.559780 30.794096
v -164.024246 2.931490 11.388504
v -149.301147 2.931490 26.303211
v -136.741089 2.894422 9.683078
v -142.742783 2.931490 56.665462
v -133.366913 2.894319 38.046562
v -159.976547 2.931490 45.422543
v -122.195946 2.783116 21.731085
v -116.825905 2.782184 46.577465
v -110.992081 2.892972 87.361214
v -130.440903 2.931490 84.017143
v -133.129074 2.931490 104.596313
v -106.757561 2.779594 68.960388
v -124.804283 2.893904 64.469414
v -149.702744 2.931490 77.128029
v 58.088531 0.885357 -37.441265
v 62.645180 1.628779 -49.105438
v 63.703419 0.935331 -25.339933
v 70.363960 1.670776 -36.261383
v 91.460136 2.571286 -46.941692
v 76.504066 2.200728 -49.015621
v 83.837296 2.218576 -33.296871
v 81.480034 2.559287 -63.435535
v 78.334862 1.700727 -5.701531
v 67.170830 0.958087 -11.907928
v 101.736626 2.579843 -7.656946
v 88.355865 2.226703 -15.831334
v 75.543594 1.692751 -21.605192
v 98.141235 2.577564 -28.105871
v 153.702728 2.931490 -12.002205
v 138.724579 2.931490 -25.124741
v 127.513184 2.896325 -9.809380
v 131.705322 2.931490 -52.143677
v 123.033035 2.896097 -35.254787
v 148.321976 2.931490 -42.534878
v 112.852623 2.790532 -20.350063
v 107.118752 2.788907 -42.460827
v 102.221397 2.894269 -79.207016
v 120.277458 2.931490 -76.450684
v 123.286232 2.931490 -95.273384
v 97.795776 2.785337 -62.353554
v 114.695801 2.895469 -58.689960
v 138.298508 2.931490 -70.655106
v -39.288128 0.622346 -62.203121
v -51.697548 1.525359 -67.527756
v -26.649643 0.500211 -66.369652
v -37.939182 1.449535 -73.861778
v -48.844952 2.508073 -95.094025
v -51.294464 2.106795 -80.964668
v -34.753719 2.063175 -86.349358
v -66.596062 2.529737 -86.977867
v -6.959437 1.334003 -77.823357
v -13.094886 0.403308 -68.057083
v -8.806931 2.475064 -100.170128
v -16.993521 2.028566 -88.529999
v -22.837494 1.378287 -77.134293
v -29.340830 2.487716 -99.284859
v -12.828583 2.931488 -150.041061
v -26.053467 2.931488 -137.405991
v -10.803031 2.885845 -124.854912
v -53.671936 2.931488 -134.040482
v -36.430401 2.887111 -123.753563
v -43.625629 2.931488 -148.719559
v -21.413895 2.750904 -112.258263
v -43.978573 2.757826 -109.503090
v -82.857536 2.891314 -108.454247
v -79.346169 2.931489 -125.729790
v -99.363235 2.931489 -130.362991
v -64.971275 2.766550 -102.699608
v -60.745136 2.889147 -118.544304
v -72.823196 2.931488 -142.469391
v 42.506508 0.670896 62.188091
v 55.273743 1.560736 66.881081
v 29.946354 0.532613 67.313454
v 42.010571 1.474837 74.182220
v 54.709637 2.515303 95.024689
v 56.092571 2.124135 80.525887
v 39.548439 2.074748 87.144600
v 71.940437 2.539845 85.667030
v 9.595362 1.339071 80.656937
v 15.788314 0.419520 70.122398
v 12.602821 2.476513 103.298340
v 20.896137 2.034358 90.757416
v 26.544195 1.393482 78.643608
v 34.611969 2.492059 100.730232
v 19.346472 2.931490 153.631165
v 33.084480 2.931490 139.722809
v 15.945374 2.885992 128.229050
v 62.324329 2.931489 134.157059
v 43.495079 2.887546 125.040215
v 52.514202 2.931490 149.805496
v 26.821497 2.752063 114.557472
v 50.631775 2.760141 109.999779
v 90.263832 2.892325 106.316429
v 88.285042 2.931490 123.944801
v 108.861267 2.931490 127.340385
v 71.760902 2.770018 101.639183
v 68.672882 2.889871 117.950676
v 82.844963 2.931490 141.299622
v -171.412521 2.931490 -43.195709
v -187.698135 2.931490 -26.930231
v -176.928360 2.931490 -6.475647
v -159.793076 2.931490 -77.524452
v -178.437988 2.931490 -65.288177
v -201.925018 2.931490 -74.050980
v -196.098648 2.931490 -49.596165
v -182.802505 2.931490 -88.878532
v -202.410400 2.931490 -7.577409
v -212.406357 2.931490 -30.634577
v -120.265068 2.931489 -131.752884
v -141.627426 2.931489 -129.441956
v -142.575439 2.931490 -107.648087
v -160.260040 2.931489 -146.665024
v -163.100372 2.931490 -123.348999
v -137.570602 2.931489 -150.932114
v -162.900314 2.931490 -100.107422
v -184.338303 2.931490 -113.461998
v -196.180161 2.931489 -179.867813
v -202.261475 2.931490 -153.306015
v -178.354614 2.931489 -163.390747
v -170.589203 2.931489 -187.525665
v -226.703979 2.931490 -110.541862
v -205.157227 2.931490 -126.430962
v -225.666656 2.931490 -139.207077
v -182.898849 2.931490 -138.494217
v -204.997559 2.931490 -99.830750
v -154.263657 2.931489 -169.432526
v -251.029587 2.931490 -9.679549
v -236.401077 2.931490 -34.231953
v -243.199203 2.931490 -61.808094
v -260.039032 2.931490 -37.775845
v -219.911041 2.931490 -55.770092
v -226.990555 2.931490 -8.640178
v -224.733795 2.931490 -82.560722
v -247.203522 2.931490 -90.943962
v 36.847725 2.931488 -156.416580
v 21.600895 2.931488 -171.056061
v 3.128390 2.931488 -161.278061
v 69.095192 2.931489 -147.300156
v 57.215004 2.931488 -163.615433
v 64.873955 2.931488 -185.345139
v 42.293789 2.931488 -179.154785
v 79.241142 2.931489 -168.722855
v 3.670109 2.931488 -184.717758
v 24.533941 2.931488 -193.766983
v 123.183403 2.931489 -114.574562
v 119.690422 2.931489 -133.879898
v 98.373009 2.931489 -133.496811
v 135.649582 2.931489 -151.688217
v 112.790321 2.931489 -152.927689
v 141.219482 2.931489 -131.274963
v 90.448669 2.931489 -151.377884
v 102.522278 2.931489 -171.493744
v 166.247437 2.931489 -186.019272
v 140.106644 2.931489 -190.001389
v 151.080551 2.931489 -168.982315
v 175.397690 2.931489 -163.138962
v 98.459251 2.931488 -209.596878
v 114.195023 2.931489 -191.028732
v 125.667336 2.931489 -210.273300
v 126.623672 2.931489 -171.670853
v 88.974083 2.931488 -189.387329
v 158.527130 2.931489 -147.384293
v 4.657718 2.931487 -229.440216
v 27.361679 2.931487 -215.822098
v 52.596081 2.931487 -222.538742
v 30.136763 2.931487 -237.549316
v 47.512989 2.931488 -201.088196
v 4.174970 2.931487 -207.327881
v 72.276016 2.931488 -206.447372
v 79.549629 2.931488 -227.235840
v 166.343964 2.931490 38.642143
v 179.894165 2.931490 22.835775
v 167.482178 2.931490 4.043788
v 160.095779 2.931490 72.084503
v 176.018173 2.931490 59.604584
v 199.444199 2.931490 67.312019
v 190.649246 2.931490 44.050861
v 183.494995 2.931490 82.318947
v 191.952209 2.931490 4.459977
v 203.832626 2.931490 25.694324
v 129.655548 2.931490 127.513184
v 150.053284 2.931490 124.064796
v 148.084152 2.931490 102.373863
v 170.037872 2.931490 140.272934
v 169.737701 2.931490 116.979057
v 148.625580 2.931490 145.746002
v 166.305710 2.931490 94.061806
v 188.445557 2.931490 106.313286
v 208.368484 2.931490 171.519058
v 210.791122 2.931490 144.845413
v 189.367020 2.931490 156.012985
v 184.585693 2.931490 180.533737
v 227.865433 2.931490 101.846031
v 209.861557 2.931490 118.210960
v 230.915680 2.931490 129.931778
v 190.524460 2.931490 131.067307
v 205.960373 2.931490 92.191162
v 166.834091 2.931490 163.333466
v 238.360229 2.931490 5.254057
v 226.991928 2.931490 28.470325
v 236.743515 2.931490 54.370586
v 249.761581 2.931490 31.205048
v 213.986725 2.931490 49.268154
v 215.448395 2.931490 4.861437
v 222.106476 2.931490 74.796890
v 244.386917 2.931490 82.170471
v -35.036858 2.931490 164.261429
v -17.509512 2.931490 177.861771
v 2.394967 2.931490 166.372543
v -71.230370 2.931490 157.378479
v -57.270924 2.931490 173.166565
v -64.772392 2.931490 195.849960
v -40.026653 2.931490 187.796967
v -81.455261 2.931490 179.920822
v 2.830853 2.931490 190.212708
v -19.755461 2.931490 201.164368
v -132.315964 2.931490 125.428383
v -127.705986 2.931490 145.822556
v -104.288940 2.931490 144.756516
v -144.502731 2.931490 164.899979
v -119.288651 2.931490 165.477524
v -151.360474 2.931490 143.360336
v -94.680626 2.931490 162.832718
v -107.120827 2.931490 184.153351
v -176.883652 2.931490 201.677567
v -147.908310 2.931490 205.012695
v -160.814453 2.931490 183.426498
v -187.696930 2.931490 177.574097
v -100.969627 2.931490 222.931107
v -119.202492 2.931490 204.858307
v -131.104874 2.931490 225.255417
v -133.757675 2.931490 185.465134
v -91.320389 2.931490 201.665314
v -169.730911 2.931490 160.657623
v 3.616533 2.931490 235.699219
v -21.946171 2.931490 223.794052
v -49.566238 2.931490 232.702255
v -24.109266 2.931490 246.087280
v -44.847218 2.931490 210.499512
v 3.233627 2.931490 213.209091
v -72.060684 2.931490 217.878342
v -79.242378 2.931490 239.579208
v -153.661896 2.931490 98.805603
v -154.314331 2.931490 121.098343
v -168.159409 2.931490 66.572189
v -173.532135 2.931490 89.247833
v -196.372192 2.931490 100.864464
v -175.786591 2.931490 112.895897
v -192.376099 2.931490 76.011208
v -174.620041 2.931490 136.915268
v -190.138443 2.931490 13.020398
v -175.888306 2.931490 30.790857
v -215.168457 2.931490 14.584540
v -201.220261 2.931490 35.066639
v -185.444977 2.931490 52.484131
v -209.856033 2.931490 59.252552
v -263.421570 2.931490 17.599907
v -249.553131 2.931490 43.224735
v -239.475693 2.931490 16.103516
v -238.581009 2.931490 94.020638
v -233.562210 2.931490 65.825523
v -256.915924 2.931490 72.300774
v -225.655670 2.931490 39.191086
v -215.735672 2.931490 85.116142
v -194.339401 2.931490 152.275436
v -218.000000 2.931490 139.779861
v -213.765579 2.931490 167.407257
v -197.128220 2.931490 126.487488
v -218.552689 2.931490 112.145645
v -240.403473 2.931490 123.259109
v 142.262924 2.931490 -90.302628
v 143.328705 2.931490 -110.658058
v 155.754440 2.931490 -61.657284
v 160.761261 2.931490 -82.112236
v 182.169937 2.931490 -93.093704
v 163.076477 2.931490 -103.500603
v 178.527206 2.931490 -70.721733
v 162.426468 2.931490 -125.403992
v 178.637054 2.931490 -14.102005
v 164.035141 2.931490 -29.815989
v 202.409744 2.931490 -16.114626
v 188.007248 2.931490 -34.285755
v 172.395065 2.931490 -49.505779
v 195.343262 2.931490 -56.187267
v 248.019073 2.931490 -19.994576
v 233.465820 2.931490 -42.813965
v 225.408005 2.931490 -18.069128
v 221.702347 2.931490 -88.016518
v 217.541550 2.931490 -62.675823
v 239.364853 2.931490 -69.067909
v 211.023346 2.931490 -38.597321
v 200.388275 2.931490 -79.465370
v 180.894424 2.931490 -139.724121
v 202.527176 2.931490 -128.682037
v 199.047485 2.931490 -153.831345
v 183.052963 2.931490 -116.231445
v 202.875885 2.931490 -103.758057
v 223.230469 2.931490 -114.263870
v -93.446777 2.931489 -148.377090
v -115.161575 2.931489 -151.345749
v -63.181545 2.931488 -158.171082
v -84.384605 2.931488 -165.383575
v -95.467018 2.931488 -187.346436
v -106.881958 2.931489 -169.955185
v -72.244995 2.931488 -181.162445
v -130.304031 2.931489 -171.457382
v -14.782132 2.931488 -174.163223
v -30.609705 2.931488 -162.137253
v -16.668406 2.931487 -197.283890
v -34.960663 2.931488 -185.700958
v -50.517712 2.931488 -172.630890
v -57.128597 2.931488 -195.549484
v -20.328825 2.931487 -241.856155
v -43.281361 2.931487 -230.659943
v -18.509827 2.931487 -219.736938
v -89.543335 2.931488 -225.029465
v -63.552013 2.931488 -217.806305
v -69.881706 2.931487 -239.732178
v -39.165001 2.931487 -208.430664
v -80.989777 2.931488 -203.340073
v -145.009216 2.931489 -190.988266
v -132.516525 2.931489 -211.125717
v -159.495773 2.931489 -210.228760
v -119.841820 2.931489 -190.769562
v -106.230080 2.931488 -208.675095
v -116.833488 2.931488 -229.686630
v 104.438530 2.931490 145.859589
v 126.557518 2.931490 147.470947
v 73.754051 2.931490 157.894547
v 96.328911 2.931490 163.657196
v 109.177956 2.931490 185.086548
v 119.731079 2.931490 166.739746
v 84.572266 2.931490 180.511337
v 143.422272 2.931490 166.765747
v 22.570948 2.931490 177.956085
v 39.205181 2.931490 164.453659
v 25.631916 2.931490 201.271118
v 44.991428 2.931490 188.016953
v 61.091900 2.931490 173.520065
v 69.262123 2.931490 196.250076
v 31.481348 2.931490 246.218002
v 55.942780 2.931490 232.975143
v 28.583887 2.931490 223.912872
v 105.073074 2.931490 223.663681
v 77.160690 2.931490 218.323730
v 84.923424 2.931490 240.069199
v 50.538776 2.931490 210.746246
v 94.953697 2.931490 202.327667
v 159.732712 2.931490 185.503372
v 148.717392 2.931490 206.578613
v 175.765976 2.931490 203.962418
v 134.408707 2.931490 186.880905
v 121.603775 2.931490 205.897079
v 133.817963 2.931490 226.398239
vn 0.4205 0.8293 0.3680
vn 0.4535 0.8189 0.3517
vn 0.4221 0.8543 0.3032
vn 0.4628 0.8311 0.3083
vn 0.4261 0.8713 0.2434
vn 0.4705 0.8445 0.2559
vn 0.3735 0.8963 0.2392
vn 0.3713 0.8755 0.3094
vn 0.3702 0.8430 0.3901
vn 0.4740 0.8560 0.2063
vn 0.4267 0.8930 0.1430
vn 0.4277 0.8836 0.1906
vn 0.4745 0.8657 0.1595
vn 0.3727 0.9188 0.1298
vn 0.3743 0.9097 0.1800
vn 0.3156 0.9328 0.1739
vn 0.2517 0.9612 0.1131
vn 0.2526 0.9524 0.1707
vn 0.3142 0.9418 0.1198
vn 0.3158 0.9180 0.2399
vn 0.2524 0.9366 0.2430
vn 0.3125 0.8554 0.4130
vn 0.2503 0.9096 0.3316
vn 0.2467 0.8661 0.4348
vn 0.3143 0.8938 0.3200
vn 0.4651 0.8843 0.0414
vn 0.4116 0.9113 0.0029
vn 0.4145 0.9095 0.0326
vn 0.4624 0.8867 0.0055
vn 0.3580 0.9337 0.0007
vn 0.3606 0.9324 0.0247
vn 0.4188 0.9058 0.0647
vn 0.3646 0.9296 0.0533
vn 0.4688 0.8799 0.0777
vn 0.3030 0.9528 0.0184
vn 0.2410 0.9705 -0.0010
vn 0.2427 0.9700 0.0133
vn 0.3008 0.9537 -0.0003
vn 0.3068 0.9508 0.0438
vn 0.2457 0.9687 0.0362
vn 0.2490 0.9660 0.0689
vn 0.3108 0.9473 0.0770
vn 0.3688 0.9253 0.0879
vn 0.4230 0.9005 0.1011
vn 0.4724 0.8737 0.1164
vn -0.0181 0.9998 0.0056
vn 0.0487 0.9988 -0.0006
vn -0.0179 0.9998 0.0002
vn 0.0488 0.9988 0.0057
vn 0.0490 0.9985 0.0245
vn -0.0191 0.9995 0.0240
vn 0.1152 0.9933 0.0071
vn 0.1167 0.9928 0.0267
vn 0.1145 0.9934 -0.0011
vn 0.0474 0.9934 0.1045
vn 0.0488 0.9972 0.0570
vn -0.0249 0.9942 0.1044
vn -0.0212 0.9982 0.0564
vn 0.1176 0.9874 0.1061
vn 0.1172 0.9913 0.0592
vn 0.1861 0.9765 0.1086
vn 0.1844 0.9808 0.0631
vn 0.1821 0.9828 0.0305
vn 0.1789 0.9839 -0.0013
vn 0.1799 0.9836 0.0094
vn 0.0189 0.8790 0.4765
vn 0.0301 0.9337 0.3567
vn -0.0636 0.8756 0.4789
vn -0.0505 0.9320 0.3588
vn 0.1069 0.9303 0.3509
vn 0.0984 0.8783 0.4679
vn 0.1128 0.9615 0.2506
vn 0.0387 0.9666 0.2535
vn -0.0393 0.9662 0.2548
vn 0.1742 0.8739 0.4537
vn 0.1804 0.9221 0.3422
vn 0.1846 0.9514 0.2466
vn 0.1860 0.9678 0.1694
vn 0.1165 0.9787 0.1691
vn -0.0308 0.9850 0.1700
vn 0.0442 0.9845 0.1695
vn 0.4515 0.8479 -0.2778
vn 0.4332 0.8425 -0.3202
vn 0.4366 0.8436 -0.3126
vn 0.4443 0.8532 -0.2733
vn 0.4514 0.8632 -0.2259
vn 0.4650 0.8541 -0.2331
vn 0.4263 0.8638 -0.2686
vn 0.4427 0.8673 -0.2276
vn 0.4077 0.8590 -0.3098
vn 0.4734 0.8602 -0.1895
vn 0.4578 0.8780 -0.1399
vn 0.4791 0.8653 -0.1476
vn 0.4555 0.8715 -0.1816
vn 0.4555 0.8705 -0.1867
vn 0.4649 0.8732 -0.1462
vn 0.3568 0.9222 -0.1491
vn 0.4247 0.8952 -0.1351
vn 0.3688 0.9221 -0.1169
vn 0.4130 0.8944 -0.1719
vn 0.3432 0.9216 -0.1810
vn 0.3984 0.8932 -0.2085
vn 0.3284 0.9200 -0.2141
vn 0.3126 0.9163 -0.2505
vn 0.3826 0.8907 -0.2455
vn 0.3651 0.8864 -0.2847
vn 0.4913 0.8709 0.0090
vn 0.4887 0.8719 -0.0307
vn 0.4604 0.8872 -0.0297
vn 0.4816 0.8759 -0.0286
vn 0.4845 0.8747 0.0120
vn 0.4776 0.8760 -0.0675
vn 0.4861 0.8712 -0.0688
vn 0.4593 0.8859 -0.0648
vn 0.4483 0.8938 0.0141
vn 0.3923 0.9197 0.0149
vn 0.4455 0.8949 -0.0246
vn 0.3900 0.9206 -0.0193
vn 0.3854 0.9213 -0.0526
vn 0.4406 0.8956 -0.0618
vn 0.3783 0.9218 -0.0848
vn 0.4338 0.8956 -0.0982
vn 0.4725 0.8749 -0.1061
vn 0.4588 0.8828 -0.1008
vn 0.4833 0.8689 -0.1071
vn 0.1924 0.9813 0.0102
vn 0.1339 0.9910 0.0075
vn 0.1916 0.9815 -0.0068
vn 0.1335 0.9910 -0.0043
vn 0.1893 0.9816 -0.0232
vn 0.1320 0.9911 -0.0158
vn 0.2528 0.9670 -0.0320
vn 0.2561 0.9666 -0.0101
vn 0.2573 0.9662 0.0126
vn 0.1297 0.9912 -0.0272
vn 0.1812 0.9819 -0.0555
vn 0.1858 0.9818 -0.0393
vn 0.1265 0.9912 -0.0387
vn 0.2416 0.9675 -0.0746
vn 0.2480 0.9673 -0.0533
vn 0.3137 0.9470 -0.0689
vn 0.3056 0.9474 -0.0956
vn 0.3198 0.9465 -0.0420
vn 0.3259 0.9453 0.0143
vn 0.3240 0.9460 -0.0145
vn 0.1027 0.9904 -0.0928
vn 0.1490 0.9801 -0.1310
vn 0.1600 0.9810 -0.1096
vn 0.1108 0.9908 -0.0775
vn 0.2136 0.9663 -0.1437
vn 0.2006 0.9646 -0.1710
vn 0.2245 0.9671 -0.1193
vn 0.1685 0.9816 -0.0902
vn 0.1174 0.9911 -0.0636
vn 0.2565 0.9431 -0.2117
vn 0.2709 0.9458 -0.1792
vn 0.2842 0.9469 -0.1502
vn 0.2954 0.9474 -0.1228
vn 0.2334 0.9676 -0.0963
vn 0.1224 0.9912 -0.0507
vn 0.1754 0.9818 -0.0722
vn 0.4161 0.8144 0.4045
vn 0.4503 0.8166 0.3612
vn 0.3666 0.8170 0.4452
vn 0.3495 0.8214 0.4507
vn 0.3940 0.8279 0.3993
vn 0.4234 0.8352 0.3509
vn 0.3074 0.8206 0.4818
vn 0.2398 0.8234 0.5143
vn 0.2270 0.8112 0.5388
vn 0.2929 0.8163 0.4979
vn 0.2656 0.8399 0.4733
vn 0.1768 0.8673 0.4654
vn 0.2271 0.8775 0.4225
vn 0.2060 0.8302 0.5181
vn 0.3152 0.8498 0.4225
vn 0.2684 0.8873 0.3750
vn 0.3781 0.8677 0.3228
vn 0.3000 0.8960 0.3273
vn 0.3222 0.9031 0.2840
vn 0.3527 0.8593 0.3704
vn -0.0732 0.8166 0.5726
vn 0.0087 0.8211 0.5707
vn 0.0026 0.7955 0.6059
vn -0.0757 0.7911 0.6070
vn 0.0887 0.8237 0.5601
vn 0.0797 0.8007 0.5938
vn -0.0009 0.8433 0.5375
vn -0.0000 0.8067 0.5909
vn -0.0623 0.8401 0.5389
vn -0.0712 0.8027 0.5921
vn 0.0708 0.8130 0.5779
vn 0.0605 0.8494 0.5243
vn 0.1203 0.8576 0.5000
vn 0.1400 0.8211 0.5534
vn 0.1549 0.8060 0.5713
vn 0.1657 0.8245 0.5410
vn -0.0005 0.9820 0.1888
vn -0.0009 0.9617 0.2740
vn -0.0184 0.9816 0.1898
vn -0.0276 0.9609 0.2756
vn 0.0259 0.9635 0.2663
vn 0.0173 0.9829 0.1834
vn 0.0370 0.9336 0.3563
vn -0.0008 0.9304 0.3665
vn -0.0387 0.9289 0.3682
vn 0.0772 0.9688 0.2357
vn 0.0347 0.9840 0.1745
vn 0.0512 0.9854 0.1626
vn 0.0526 0.9660 0.2531
vn 0.1083 0.9431 0.3143
vn 0.0742 0.9380 0.3385
vn 0.1426 0.9081 0.3937
vn 0.0974 0.9003 0.4242
vn 0.0489 0.8937 0.4460
vn -0.0507 0.8865 0.4599
vn -0.0008 0.8888 0.4583
vn 0.1497 0.9779 0.1458
vn 0.0917 0.9888 0.1176
vn 0.1016 0.9896 0.1022
vn 0.1357 0.9764 0.1681
vn 0.1866 0.9571 0.2217
vn 0.2034 0.9601 0.1919
vn 0.1192 0.9742 0.1914
vn 0.1654 0.9531 0.2534
vn 0.0803 0.9878 0.1335
vn 0.2428 0.9299 0.2764
vn 0.2624 0.9349 0.2391
vn 0.2168 0.9236 0.3162
vn 0.1830 0.9161 0.3568
vn 0.1393 0.9484 0.2850
vn 0.0997 0.9717 0.2143
vn 0.0664 0.9867 0.1486
vn -0.5238 0.7895 0.3198
vn -0.5154 0.7721 0.3719
vn -0.5165 0.7751 0.3640
vn -0.5369 0.7779 0.3264
vn -0.5300 0.8057 0.2646
vn -0.5527 0.7865 0.2754
vn -0.5098 0.8009 0.3140
vn -0.5300 0.8043 0.2688
vn -0.4877 0.7970 0.3564
vn -0.5329 0.8194 0.2110
vn -0.5325 0.8311 0.1602
vn -0.5621 0.7961 0.2241
vn -0.5675 0.8049 0.1734
vn -0.5452 0.8084 0.2220
vn -0.5560 0.8127 0.1744
vn -0.4354 0.8895 0.1388
vn -0.4938 0.8455 0.2031
vn -0.5076 0.8463 0.1616
vn -0.4229 0.8894 0.1735
vn -0.4771 0.8445 0.2435
vn -0.4078 0.8892 0.2075
vn -0.3914 0.8879 0.2417
vn -0.4380 0.8391 0.3225
vn -0.4578 0.8429 0.2827
vn -0.3744 0.8846 0.2780
vn -0.5665 0.8228 0.0454
vn -0.5231 0.8514 0.0390
vn -0.5207 0.8537 0.0076
vn -0.5641 0.8256 0.0096
vn -0.5642 0.8242 0.0478
vn -0.5625 0.8267 0.0109
vn -0.5643 0.8210 0.0868
vn -0.5685 0.8184 0.0837
vn -0.5267 0.8468 0.0738
vn -0.4516 0.8913 0.0412
vn -0.5211 0.8534 0.0114
vn -0.4512 0.8924 0.0110
vn -0.5221 0.8517 0.0462
vn -0.4494 0.8904 0.0722
vn -0.5207 0.8498 0.0825
vn -0.5162 0.8479 0.1208
vn -0.4441 0.8898 0.1048
vn -0.5621 0.8170 0.1286
vn -0.5302 0.8402 0.1136
vn -0.5693 0.8124 0.1259
vn -0.1390 0.9902 0.0134
vn -0.2052 0.9787 0.0063
vn -0.1391 0.9903 0.0045
vn -0.2050 0.9786 0.0196
vn -0.1381 0.9901 0.0229
vn -0.2038 0.9785 0.0330
vn -0.2823 0.9590 0.0267
vn -0.2806 0.9588 0.0453
vn -0.2824 0.9593 0.0082
vn -0.1980 0.9782 0.0623
vn -0.1366 0.9901 0.0323
vn -0.1344 0.9900 0.0427
vn -0.2014 0.9783 0.0477
vn -0.2771 0.9586 0.0651
vn -0.2720 0.9584 0.0860
vn -0.3606 0.9288 0.0850
vn -0.3534 0.9287 0.1123
vn -0.3652 0.9291 0.0589
vn -0.3673 0.9295 0.0342
vn -0.3672 0.9301 0.0099
vn -0.1166 0.9887 0.0938
vn -0.1807 0.9768 0.1145
vn -0.1226 0.9893 0.0793
vn -0.1720 0.9758 0.1352
vn -0.2355 0.9549 0.1808
vn -0.2470 0.9567 0.1540
vn -0.1878 0.9776 0.0954
vn -0.2567 0.9577 0.1299
vn -0.1277 0.9896 0.0659
vn -0.3189 0.9270 0.1973
vn -0.3047 0.9244 0.2294
vn -0.3319 0.9283 0.1678
vn -0.3436 0.9287 0.1397
vn -0.2651 0.9583 0.1071
vn -0.1935 0.9780 0.0782
vn -0.1315 0.9899 0.0538
vn -0.4440 0.8278 -0.3428
vn -0.4803 0.8104 -0.3356
vn -0.4811 0.8135 -0.3267
vn -0.4419 0.8136 -0.3778
vn -0.3920 0.8209 -0.4153
vn -0.3923 0.8450 -0.3634
vn -0.4210 0.8281 -0.3702
vn -0.3764 0.8268 -0.4180
vn -0.4549 0.8300 -0.3227
vn -0.2774 0.8348 -0.4755
vn -0.3367 0.8284 -0.4476
vn -0.2787 0.8723 -0.4018
vn -0.3373 0.8598 -0.3834
vn -0.3242 0.8263 -0.4606
vn -0.2668 0.8257 -0.4971
vn -0.2444 0.8444 -0.4766
vn -0.2110 0.8791 -0.4274
vn -0.2961 0.8502 -0.4353
vn -0.2547 0.8864 -0.3865
vn -0.3415 0.8559 -0.3884
vn -0.2926 0.8933 -0.3413
vn -0.3790 0.8610 -0.3391
vn -0.3237 0.8989 -0.2953
vn -0.3491 0.9026 -0.2520
vn -0.4085 0.8647 -0.2923
vn -0.0823 0.8947 -0.4391
vn -0.0062 0.8969 -0.4421
vn -0.0799 0.8453 -0.5283
vn -0.0045 0.8469 -0.5317
vn -0.0750 0.8226 -0.5636
vn -0.0033 0.8231 -0.5680
vn -0.1422 0.8235 -0.5492
vn -0.1495 0.8431 -0.5166
vn -0.1518 0.8897 -0.4305
vn -0.0027 0.8305 -0.5570
vn -0.0579 0.8619 -0.5038
vn -0.0678 0.8313 -0.5517
vn -0.0022 0.8604 -0.5096
vn -0.1296 0.8344 -0.5356
vn -0.1116 0.8660 -0.4874
vn -0.1627 0.8721 -0.4615
vn -0.1884 0.8391 -0.5103
vn -0.2059 0.8247 -0.5268
vn -0.2166 0.8824 -0.4177
vn -0.2147 0.8397 -0.4989
vn -0.0247 0.9649 -0.2615
vn -0.0009 0.9641 -0.2657
vn -0.0006 0.9829 -0.1842
vn -0.0165 0.9833 -0.1814
vn -0.0488 0.9666 -0.2518
vn -0.0321 0.9841 -0.1745
vn -0.0688 0.9398 -0.3346
vn -0.0352 0.9370 -0.3474
vn -0.0012 0.9359 -0.3522
vn -0.0474 0.9853 -0.1643
vn -0.0933 0.9716 -0.2177
vn -0.0717 0.9689 -0.2368
vn -0.0620 0.9865 -0.1513
vn -0.1305 0.9483 -0.2892
vn -0.1002 0.9438 -0.3149
vn -0.1320 0.9102 -0.3926
vn -0.1711 0.9165 -0.3617
vn -0.0903 0.9047 -0.4164
vn -0.0017 0.8993 -0.4373
vn -0.0468 0.9007 -0.4318
vn -0.0990 0.9898 -0.1026
vn -0.1608 0.9793 -0.1232
vn -0.1468 0.9782 -0.1471
vn -0.1092 0.9903 -0.0857
vn -0.2199 0.9616 -0.1642
vn -0.2020 0.9597 -0.1953
vn -0.1313 0.9763 -0.1719
vn -0.1815 0.9566 -0.2280
vn -0.0880 0.9889 -0.1197
vn -0.2626 0.9330 -0.2459
vn -0.2842 0.9359 -0.2081
vn -0.2371 0.9286 -0.2855
vn -0.2064 0.9228 -0.3252
vn -0.1576 0.9528 -0.2596
vn -0.1132 0.9741 -0.1956
vn -0.0756 0.9878 -0.1361
vn 0.4108 0.9113 -0.0267
vn 0.4112 0.9097 -0.0576
vn 0.3575 0.9336 -0.0232
vn 0.3592 0.9319 -0.0503
vn 0.4125 0.9064 -0.0912
vn 0.4135 0.9013 -0.1293
vn 0.3616 0.9287 -0.0822
vn 0.3638 0.9237 -0.1205
vn 0.2473 0.9666 -0.0679
vn 0.3093 0.9441 -0.1137
vn 0.2508 0.9619 -0.1086
vn 0.3061 0.9491 -0.0746
vn 0.3033 0.9519 -0.0434
vn 0.2441 0.9690 -0.0372
vn 0.3013 0.9533 -0.0190
vn 0.2416 0.9702 -0.0153
vn 0.4080 0.8716 -0.2718
vn 0.4082 0.8516 -0.3290
vn 0.3639 0.8883 -0.2802
vn 0.3660 0.8619 -0.3509
vn 0.4110 0.8850 -0.2188
vn 0.3643 0.9053 -0.2182
vn 0.2613 0.9162 -0.3039
vn 0.3187 0.8713 -0.3732
vn 0.2653 0.8798 -0.3945
vn 0.3157 0.9030 -0.2914
vn 0.3136 0.9235 -0.2210
vn 0.2576 0.9395 -0.2257
vn 0.3118 0.9362 -0.1621
vn 0.2543 0.9537 -0.1607
vn 0.3646 0.9163 -0.1656
vn 0.4131 0.8943 -0.1716
vn -0.0083 0.9439 -0.3303
vn 0.0703 0.8961 -0.4381
vn 0.0669 0.9422 -0.3284
vn 0.0630 0.9700 -0.2348
vn -0.0105 0.9719 -0.2350
vn 0.1368 0.9365 -0.3229
vn 0.1322 0.9635 -0.2329
vn 0.1410 0.8927 -0.4280
vn 0.0558 0.9935 -0.0992
vn 0.0592 0.9856 -0.1587
vn -0.0141 0.9951 -0.0977
vn -0.0124 0.9874 -0.1577
vn 0.1277 0.9789 -0.1594
vn 0.1236 0.9871 -0.1016
vn 0.1888 0.9764 -0.1047
vn 0.1928 0.9681 -0.1600
vn 0.1968 0.9531 -0.2299
vn 0.2015 0.9277 -0.3143
vn 0.2058 0.8872 -0.4130
vn 0.0493 0.9988 -0.0065
vn -0.0175 0.9998 -0.0051
vn 0.1152 0.9933 -0.0088
vn 0.1171 0.9927 -0.0276
vn 0.0507 0.9984 -0.0245
vn -0.0167 0.9996 -0.0227
vn 0.1795 0.9837 -0.0118
vn 0.1818 0.9828 -0.0318
vn 0.1851 0.9807 -0.0625
vn 0.1200 0.9911 -0.0581
vn -0.0156 0.9985 -0.0532
vn 0.0529 0.9971 -0.0550
vn 0.4940 0.8681 0.0488
vn 0.4962 0.8637 0.0884
vn 0.4869 0.8685 0.0930
vn 0.4862 0.8722 0.0530
vn 0.4972 0.8502 0.1731
vn 0.4977 0.8577 0.1291
vn 0.4818 0.8584 0.1760
vn 0.4858 0.8638 0.1334
vn 0.4450 0.8863 0.1282
vn 0.4384 0.8832 0.1667
vn 0.3785 0.9137 0.1479
vn 0.3859 0.9154 0.1151
vn 0.4486 0.8891 0.0906
vn 0.3903 0.9170 0.0825
vn 0.3925 0.9184 0.0494
vn 0.4493 0.8918 0.0530
vn 0.4709 0.8236 0.3160
vn 0.4445 0.8414 0.3073
vn 0.4854 0.8324 0.2673
vn 0.4620 0.8468 0.2635
vn 0.3975 0.8732 0.2821
vn 0.3397 0.9075 0.2469
vn 0.4143 0.8770 0.2436
vn 0.3548 0.9103 0.2132
vn 0.3679 0.9122 0.1807
vn 0.4279 0.8802 0.2055
vn 0.4739 0.8527 0.2198
vn 0.4936 0.8416 0.2194
vn 0.1602 0.9791 0.1254
vn 0.1098 0.9900 0.0881
vn 0.1690 0.9798 0.1072
vn 0.1164 0.9903 0.0753
vn 0.2170 0.9621 0.1654
vn 0.2278 0.9633 0.1418
vn 0.1759 0.9803 0.0902
vn 0.1257 0.9907 0.0523
vn 0.1815 0.9806 0.0743
vn 0.1216 0.9906 0.0635
vn 0.2369 0.9641 0.1199
vn 0.2440 0.9647 0.0987
vn 0.3022 0.9412 0.1507
vn 0.3114 0.9422 0.1240
vn 0.2911 0.9400 0.1779
vn 0.2781 0.9380 0.2069
vn 0.1332 0.9909 0.0192
vn 0.1915 0.9811 0.0271
vn 0.2566 0.9659 0.0353
vn 0.1894 0.9810 0.0430
vn 0.2539 0.9656 0.0567
vn 0.1315 0.9909 0.0304
vn 0.3255 0.9446 0.0431
vn 0.3228 0.9438 0.0706
vn 0.3182 0.9430 0.0973
vn 0.2499 0.9651 0.0779
vn 0.1290 0.9908 0.0414
vn 0.1860 0.9808 0.0588
vn -0.5190 0.8545 -0.0229
vn -0.5619 0.8268 -0.0254
vn -0.5179 0.8537 -0.0553
vn -0.5593 0.8267 -0.0615
vn -0.5598 0.8282 -0.0254
vn -0.5557 0.8291 -0.0622
vn -0.5166 0.8513 -0.0918
vn -0.5495 0.8231 -0.1437
vn -0.5556 0.8254 -0.1003
vn -0.5142 0.8472 -0.1339
vn -0.5495 0.8294 -0.1011
vn -0.5398 0.8295 -0.1436
vn -0.4353 0.8968 -0.0792
vn -0.4933 0.8598 -0.1317
vn -0.4239 0.8989 -0.1114
vn -0.5051 0.8580 -0.0933
vn -0.5130 0.8565 -0.0573
vn -0.4432 0.8951 -0.0485
vn -0.5181 0.8550 -0.0228
vn -0.4484 0.8936 -0.0186
vn -0.5071 0.8120 -0.2891
vn -0.4925 0.8231 -0.2828
vn -0.4825 0.8305 -0.2782
vn -0.5068 0.8300 -0.2330
vn -0.5271 0.8155 -0.2390
vn -0.5026 0.8334 -0.2299
vn -0.3711 0.9037 -0.2134
vn -0.4338 0.8656 -0.2502
vn -0.3910 0.9030 -0.1781
vn -0.4568 0.8643 -0.2103
vn -0.4088 0.9011 -0.1447
vn -0.4769 0.8622 -0.1708
vn -0.5257 0.8297 -0.1880
vn -0.5404 0.8196 -0.1903
vn -0.5100 0.8411 -0.1801
vn -0.1175 0.9906 -0.0700
vn -0.1724 0.9798 -0.1011
vn -0.1238 0.9907 -0.0561
vn -0.1815 0.9800 -0.0816
vn -0.2351 0.9624 -0.1357
vn -0.2475 0.9626 -0.1106
vn -0.1285 0.9907 -0.0439
vn -0.1322 0.9907 -0.0329
vn -0.1887 0.9800 -0.0639
vn -0.1943 0.9797 -0.0487
vn -0.2577 0.9622 -0.0881
vn -0.2661 0.9616 -0.0671
vn -0.3447 0.9345 -0.0885
vn -0.3330 0.9358 -0.1155
vn -0.3190 0.9368 -0.1437
vn -0.3029 0.9370 -0.1741
vn -0.2041 0.9789 -0.0068
vn -0.1385 0.9904 -0.0044
vn -0.2807 0.9597 -0.0100
vn -0.2776 0.9603 -0.0286
vn -0.2019 0.9792 -0.0200
vn -0.1371 0.9905 -0.0134
vn -0.3649 0.9309 -0.0141
vn -0.3606 0.9320 -0.0381
vn -0.3539 0.9332 -0.0627
vn -0.2726 0.9610 -0.0471
vn -0.1350 0.9906 -0.0228
vn -0.1986 0.9795 -0.0337
vn -0.0838 0.9965 0.0066
vn -0.0832 0.9965 0.0009
vn -0.1468 0.9891 0.0084
vn -0.1459 0.9893 0.0016
vn -0.0857 0.9960 0.0250
vn -0.1495 0.9884 0.0274
vn -0.2691 0.9630 0.0146
vn -0.2069 0.9783 0.0024
vn -0.2676 0.9635 0.0029
vn -0.2083 0.9780 0.0110
vn -0.2116 0.9769 0.0311
vn -0.2730 0.9613 0.0361
vn -0.2242 0.9683 0.1101
vn -0.2169 0.9741 0.0636
vn -0.2860 0.9514 0.1144
vn -0.2786 0.9579 0.0689
vn -0.1541 0.9862 0.0598
vn -0.1610 0.9811 0.1072
vn -0.0951 0.9899 0.1053
vn -0.0893 0.9943 0.0574
vn -0.4538 0.8911 0.0063
vn -0.4566 0.8891 0.0313
vn -0.4611 0.8852 0.0616
vn -0.3925 0.9194 0.0247
vn -0.3971 0.9164 0.0512
vn -0.3899 0.9208 0.0050
vn -0.4712 0.8703 0.1435
vn -0.4662 0.8792 0.0984
vn -0.4029 0.9112 0.0858
vn -0.4091 0.9031 0.1305
vn -0.3476 0.9299 0.1208
vn -0.3404 0.9372 0.0761
vn -0.3346 0.9414 0.0427
vn -0.3303 0.9437 0.0191
vn -0.3281 0.9446 0.0040
vn -0.4835 0.7892 0.3786
vn -0.4785 0.8201 0.3137
vn -0.4279 0.8460 0.3182
vn -0.4370 0.8067 0.3977
vn -0.4212 0.8729 0.2463
vn -0.4773 0.8420 0.2514
vn -0.3870 0.8225 0.4168
vn -0.3189 0.8862 0.3361
vn -0.3750 0.8675 0.3267
vn -0.3327 0.8368 0.4348
vn -0.3062 0.9191 0.2479
vn -0.3646 0.8981 0.2460
vn -0.3553 0.9177 0.1776
vn -0.2951 0.9395 0.1738
vn -0.4154 0.8908 0.1839
vn -0.4749 0.8582 0.1949
vn -0.1426 0.8689 0.4740
vn -0.1280 0.9254 0.3568
vn -0.1144 0.9603 0.2544
vn -0.1967 0.9152 0.3517
vn -0.1824 0.9501 0.2529
vn -0.2119 0.8600 0.4642
vn -0.1034 0.9799 0.1705
vn -0.1704 0.9704 0.1712
vn -0.2337 0.9570 0.1721
vn -0.2456 0.9365 0.2505
vn -0.2744 0.8495 0.4507
vn -0.2595 0.9022 0.3445
vn -0.1515 0.8113 0.5646
vn -0.2198 0.8056 0.5502
vn -0.2157 0.7864 0.5788
vn -0.1497 0.7879 0.5973
vn -0.3389 0.7929 0.5064
vn -0.2816 0.7997 0.5303
vn -0.3298 0.7857 0.5233
vn -0.2749 0.7857 0.5541
vn -0.2639 0.8555 0.4456
vn -0.2209 0.8488 0.4804
vn -0.2540 0.8068 0.5334
vn -0.3041 0.8118 0.4985
vn -0.1995 0.8033 0.5612
vn -0.1735 0.8433 0.5087
vn -0.1206 0.8402 0.5287
vn -0.1386 0.8015 0.5817
vn -0.4834 0.7725 0.4118
vn -0.4610 0.7917 0.4009
vn -0.4404 0.7783 0.4475
vn -0.4242 0.7880 0.4462
vn -0.4156 0.8326 0.3661
vn -0.3555 0.8788 0.3184
vn -0.3315 0.8713 0.3619
vn -0.3859 0.8250 0.4128
vn -0.3009 0.8633 0.4053
vn -0.3484 0.8179 0.4579
vn -0.3799 0.7863 0.4873
vn -0.3920 0.7857 0.4786
vn -0.1091 0.9880 0.1096
vn -0.1617 0.9742 0.1576
vn -0.1003 0.9870 0.1255
vn -0.1496 0.9721 0.1807
vn -0.2224 0.9521 0.2098
vn -0.2067 0.9484 0.2404
vn -0.1351 0.9697 0.2033
vn -0.0904 0.9859 0.1411
vn -0.0789 0.9846 0.1558
vn -0.1184 0.9672 0.2249
vn -0.1876 0.9442 0.2707
vn -0.1646 0.9396 0.3002
vn -0.2151 0.9013 0.3760
vn -0.2447 0.9079 0.3403
vn -0.2692 0.9144 0.3024
vn -0.2888 0.9201 0.2647
vn -0.0354 0.9818 0.1865
vn -0.0535 0.9612 0.2704
vn -0.0748 0.9295 0.3612
vn -0.0774 0.9626 0.2596
vn -0.1082 0.9318 0.3464
vn -0.0514 0.9824 0.1793
vn -0.0982 0.8871 0.4510
vn -0.1414 0.8903 0.4328
vn -0.1805 0.8952 0.4074
vn -0.1385 0.9354 0.3254
vn -0.0658 0.9835 0.1687
vn -0.0992 0.9647 0.2440
vn 0.0715 0.8473 -0.5263
vn 0.1412 0.8471 -0.5123
vn 0.0686 0.8246 -0.5615
vn 0.1351 0.8277 -0.5447
vn 0.2645 0.8452 -0.4645
vn 0.2053 0.8464 -0.4913
vn 0.1965 0.8317 -0.5193
vn 0.2534 0.8362 -0.4863
vn 0.2306 0.8526 -0.4689
vn 0.1538 0.8749 -0.4592
vn 0.1789 0.8444 -0.5050
vn 0.1980 0.8838 -0.4240
vn 0.1051 0.8676 -0.4861
vn 0.1227 0.8375 -0.5325
vn 0.0621 0.8326 -0.5503
vn 0.0531 0.8625 -0.5033
vn 0.4048 0.8403 -0.3606
vn 0.3835 0.8526 -0.3551
vn 0.3483 0.8464 -0.4028
vn 0.3647 0.8414 -0.3988
vn 0.2937 0.9104 -0.2914
vn 0.3440 0.8794 -0.3293
vn 0.3145 0.8707 -0.3781
vn 0.2688 0.9024 -0.3369
vn 0.2763 0.8616 -0.4258
vn 0.2368 0.8932 -0.3822
vn 0.3043 0.8412 -0.4470
vn 0.3177 0.8434 -0.4333
vn 0.0938 0.9896 -0.1093
vn 0.1366 0.9785 -0.1543
vn 0.0830 0.9886 -0.1256
vn 0.1226 0.9763 -0.1781
vn 0.1856 0.9618 -0.2011
vn 0.1679 0.9580 -0.2325
vn 0.1061 0.9739 -0.2009
vn 0.0587 0.9861 -0.1553
vn 0.0878 0.9711 -0.2220
vn 0.0714 0.9874 -0.1412
vn 0.1468 0.9534 -0.2636
vn 0.1223 0.9484 -0.2924
vn 0.1601 0.9182 -0.3622
vn 0.1915 0.9257 -0.3261
vn 0.2180 0.9329 -0.2866
vn 0.2392 0.9387 -0.2480
vn 0.0230 0.9646 -0.2627
vn 0.0153 0.9831 -0.1824
vn 0.0324 0.9368 -0.3483
vn 0.0643 0.9396 -0.3363
vn 0.0460 0.9661 -0.2540
vn 0.0304 0.9838 -0.1766
vn 0.0427 0.9009 -0.4320
vn 0.0849 0.9050 -0.4169
vn 0.1242 0.9110 -0.3931
vn 0.0948 0.9436 -0.3172
vn 0.0449 0.9849 -0.1673
vn 0.0676 0.9684 -0.2400
vn -0.0829 0.9410 -0.3280
vn -0.1510 0.9344 -0.3226
vn -0.0830 0.9688 -0.2334
vn -0.1498 0.9615 -0.2305
vn -0.2147 0.9246 -0.3148
vn -0.2760 0.9113 -0.3055
vn -0.2128 0.9504 -0.2267
vn -0.2741 0.9356 -0.2226
vn -0.2101 0.9727 -0.0982
vn -0.2723 0.9497 -0.1548
vn -0.2712 0.9573 -0.1005
vn -0.2114 0.9651 -0.1548
vn -0.1478 0.9842 -0.0971
vn -0.1487 0.9766 -0.1556
vn -0.0829 0.9918 -0.0970
vn -0.0829 0.9842 -0.1566
vn -0.4441 0.8515 -0.2788
vn -0.4486 0.8663 -0.2197
vn -0.3914 0.8942 -0.2171
vn -0.3901 0.8754 -0.2855
vn -0.4533 0.8831 -0.1212
vn -0.4518 0.8762 -0.1677
vn -0.3927 0.9129 -0.1112
vn -0.3926 0.9057 -0.1598
vn -0.3319 0.9375 -0.1045
vn -0.3327 0.9300 -0.1560
vn -0.3336 0.9169 -0.2189
vn -0.3345 0.8949 -0.2952
vn -0.4532 0.8912 -0.0185
vn -0.3897 0.9208 -0.0146
vn -0.4530 0.8902 -0.0470
vn -0.3904 0.9198 -0.0395
vn -0.2677 0.9635 -0.0084
vn -0.3280 0.9446 -0.0115
vn -0.3291 0.9437 -0.0334
vn -0.2687 0.9628 -0.0289
vn -0.2698 0.9611 -0.0590
vn -0.3305 0.9416 -0.0640
vn -0.3917 0.9173 -0.0711
vn -0.4537 0.8875 -0.0804
vn -0.0830 0.9965 -0.0046
vn -0.0829 0.9963 -0.0223
vn -0.1459 0.9893 -0.0050
vn -0.1464 0.9890 -0.0233
vn -0.0829 0.9952 -0.0528
vn -0.1471 0.9877 -0.0536
vn -0.2089 0.9763 -0.0556
vn -0.2078 0.9778 -0.0252
vn -0.2070 0.9783 -0.0062
vn 0.0883 0.9960 0.0129
vn 0.0888 0.9960 0.0052
vn 0.0870 0.9960 0.0204
vn 0.0582 0.9983 0.0086
vn 0.0574 0.9983 0.0135
vn 0.0586 0.9983 0.0035
vn 0.0828 0.9960 0.0349
vn 0.0852 0.9960 0.0276
vn 0.0561 0.9983 0.0184
vn 0.0544 0.9982 0.0232
vn 0.0348 0.9993 0.0150
vn 0.0217 0.9997 0.0072
vn 0.0359 0.9993 0.0119
vn 0.0210 0.9997 0.0092
vn 0.0222 0.9997 0.0053
vn 0.0368 0.9993 0.0087
vn 0.0226 0.9997 0.0034
vn 0.0376 0.9993 0.0023
vn 0.0374 0.9993 0.0056
vn 0.0228 0.9997 0.0014
vn 0.0658 0.9955 0.0680
vn 0.0719 0.9957 0.0586
vn 0.0425 0.9981 0.0452
vn 0.0466 0.9981 0.0391
vn 0.0498 0.9982 0.0334
vn 0.0759 0.9959 0.0503
vn 0.0159 0.9997 0.0178
vn 0.0293 0.9992 0.0254
vn 0.0272 0.9992 0.0292
vn 0.0175 0.9997 0.0155
vn 0.0190 0.9997 0.0132
vn 0.0317 0.9993 0.0217
vn 0.0334 0.9993 0.0183
vn 0.0201 0.9997 0.0111
vn 0.0524 0.9982 0.0282
vn 0.0799 0.9959 0.0424
vn -0.0000 1.0000 -0.0000
vn 0.0010 1.0000 0.0009
vn 0.0009 1.0000 0.0010
vn 0.0011 1.0000 0.0008
vn 0.0040 1.0000 0.0037
vn 0.0044 1.0000 0.0032
vn 0.0036 1.0000 0.0042
vn 0.0011 1.0000 0.0007
vn 0.0012 1.0000 0.0005
vn 0.0047 1.0000 0.0027
vn 0.0049 1.0000 0.0022
vn 0.0113 0.9999 0.0050
vn 0.0109 0.9999 0.0061
vn 0.0102 0.9999 0.0072
vn 0.0084 0.9999 0.0097
vn 0.0094 0.9999 0.0085
vn 0.0013 1.0000 0.0001
vn 0.0013 1.0000 0.0002
vn 0.0054 1.0000 0.0003
vn 0.0053 1.0000 0.0008
vn 0.0013 1.0000 0.0003
vn 0.0052 1.0000 0.0013
vn 0.0122 0.9999 0.0018
vn 0.0123 0.9999 0.0008
vn 0.0120 0.9999 0.0029
vn 0.0117 0.9999 0.0039
vn 0.0051 1.0000 0.0017
vn 0.0012 1.0000 0.0004
vn -0.0224 0.9923 0.1218
vn -0.0117 0.9922 0.1238
vn -0.0323 0.9926 0.1172
vn -0.0142 0.9967 0.0796
vn -0.0202 0.9968 0.0767
vn -0.0073 0.9967 0.0809
vn -0.0415 0.9930 0.1106
vn -0.0499 0.9935 0.1024
vn -0.0260 0.9970 0.0726
vn -0.0317 0.9972 0.0675
vn -0.0092 0.9996 0.0281
vn -0.0197 0.9989 0.0435
vn -0.0111 0.9996 0.0262
vn -0.0159 0.9988 0.0464
vn -0.0071 0.9995 0.0295
vn -0.0123 0.9987 0.0490
vn -0.0050 0.9995 0.0305
vn -0.0045 0.9987 0.0515
vn -0.0084 0.9987 0.0506
vn -0.0027 0.9995 0.0310
vn -0.0747 0.9953 0.0620
vn -0.0701 0.9949 0.0724
vn -0.0449 0.9978 0.0481
vn -0.0483 0.9980 0.0412
vn -0.0410 0.9976 0.0550
vn -0.0640 0.9945 0.0828
vn -0.0304 0.9992 0.0268
vn -0.0163 0.9997 0.0191
vn -0.0277 0.9991 0.0312
vn -0.0178 0.9997 0.0164
vn -0.0147 0.9997 0.0217
vn -0.0251 0.9991 0.0355
vn -0.0223 0.9990 0.0396
vn -0.0130 0.9996 0.0241
vn -0.0363 0.9975 0.0614
vn -0.0574 0.9940 0.0930
vn -0.0010 1.0000 0.0010
vn -0.0009 1.0000 0.0011
vn -0.0008 1.0000 0.0013
vn -0.0037 1.0000 0.0046
vn -0.0033 1.0000 0.0052
vn -0.0040 1.0000 0.0039
vn -0.0007 1.0000 0.0014
vn -0.0006 1.0000 0.0015
vn -0.0029 1.0000 0.0057
vn -0.0024 1.0000 0.0062
vn -0.0058 0.9999 0.0143
vn -0.0068 0.9999 0.0131
vn -0.0077 0.9999 0.0118
vn -0.0095 0.9999 0.0090
vn -0.0086 0.9999 0.0104
vn -0.0001 1.0000 0.0018
vn -0.0003 1.0000 0.0018
vn -0.0006 1.0000 0.0073
vn -0.0011 1.0000 0.0072
vn -0.0015 1.0000 0.0069
vn -0.0004 1.0000 0.0017
vn -0.0026 0.9999 0.0165
vn -0.0014 0.9999 0.0167
vn -0.0037 0.9999 0.0160
vn -0.0048 0.9999 0.0152
vn -0.0020 1.0000 0.0066
vn -0.0005 1.0000 0.0016
vn -0.0903 0.9959 0.0030
vn -0.0899 0.9959 -0.0028
vn -0.0890 0.9960 -0.0086
vn -0.0586 0.9983 -0.0018
vn -0.0580 0.9983 -0.0057
vn -0.0588 0.9983 0.0020
vn -0.0877 0.9960 -0.0148
vn -0.0859 0.9961 -0.0215
vn -0.0572 0.9983 -0.0098
vn -0.0560 0.9983 -0.0143
vn -0.0219 0.9998 -0.0039
vn -0.0356 0.9993 -0.0092
vn -0.0214 0.9998 -0.0057
vn -0.0364 0.9993 -0.0063
vn -0.0222 0.9998 -0.0022
vn -0.0369 0.9993 -0.0037
vn -0.0374 0.9993 0.0013
vn -0.0373 0.9993 -0.0011
vn -0.0225 0.9997 0.0008
vn -0.0224 0.9997 -0.0007
vn -0.0761 0.9960 -0.0463
vn -0.0704 0.9959 -0.0569
vn -0.0492 0.9983 -0.0309
vn -0.0455 0.9983 -0.0377
vn -0.0521 0.9983 -0.0247
vn -0.0803 0.9961 -0.0371
vn -0.0185 0.9998 -0.0124
vn -0.0283 0.9993 -0.0247
vn -0.0169 0.9997 -0.0151
vn -0.0310 0.9993 -0.0201
vn -0.0197 0.9998 -0.0099
vn -0.0330 0.9993 -0.0161
vn -0.0207 0.9998 -0.0077
vn -0.0345 0.9993 -0.0125
vn -0.0543 0.9983 -0.0192
vn -0.0835 0.9961 -0.0289
vn -0.0009 1.0000 -0.0009
vn -0.0010 1.0000 -0.0007
vn -0.0011 1.0000 -0.0006
vn -0.0042 1.0000 -0.0030
vn -0.0046 1.0000 -0.0024
vn -0.0038 1.0000 -0.0037
vn -0.0012 1.0000 -0.0005
vn -0.0012 1.0000 -0.0003
vn -0.0048 1.0000 -0.0019
vn -0.0050 1.0000 -0.0014
vn -0.0115 0.9999 -0.0031
vn -0.0111 0.9999 -0.0042
vn -0.0106 0.9999 -0.0054
vn -0.0099 0.9999 -0.0068
vn -0.0088 0.9999 -0.0084
vn -0.0013 1.0000 -0.0000
vn -0.0053 1.0000 -0.0002
vn -0.0053 1.0000 0.0002
vn -0.0052 1.0000 -0.0005
vn -0.0013 1.0000 -0.0001
vn -0.0122 0.9999 0.0004
vn -0.0121 0.9999 -0.0004
vn -0.0120 0.9999 -0.0012
vn -0.0118 0.9999 -0.0021
vn -0.0051 1.0000 -0.0009
vn -0.0013 1.0000 -0.0002
vn -0.0003 0.9927 -0.1208
vn 0.0096 0.9928 -0.1197
vn 0.0191 0.9931 -0.1161
vn 0.0059 0.9969 -0.0785
vn 0.0119 0.9970 -0.0763
vn -0.0002 0.9969 -0.0791
vn 0.0284 0.9935 -0.1104
vn 0.0373 0.9940 -0.1028
vn 0.0178 0.9972 -0.0727
vn 0.0238 0.9974 -0.0681
vn 0.0145 0.9989 -0.0437
vn 0.0063 0.9996 -0.0282
vn 0.0108 0.9989 -0.0466
vn 0.0084 0.9996 -0.0265
vn 0.0041 0.9996 -0.0294
vn 0.0072 0.9988 -0.0488
vn 0.0036 0.9987 -0.0501
vn -0.0000 0.9995 -0.0304
vn -0.0001 0.9987 -0.0505
vn 0.0021 0.9995 -0.0302
vn 0.0607 0.9955 -0.0732
vn 0.0673 0.9958 -0.0623
vn 0.0392 0.9980 -0.0489
vn 0.0441 0.9982 -0.0417
vn 0.0343 0.9978 -0.0558
vn 0.0539 0.9950 -0.0839
vn 0.0146 0.9997 -0.0194
vn 0.0277 0.9992 -0.0271
vn 0.0165 0.9997 -0.0166
vn 0.0247 0.9992 -0.0318
vn 0.0214 0.9991 -0.0362
vn 0.0126 0.9997 -0.0220
vn 0.0180 0.9990 -0.0402
vn 0.0105 0.9996 -0.0244
vn 0.0291 0.9976 -0.0623
vn 0.0457 0.9945 -0.0939
vn 0.0009 1.0000 -0.0010
vn 0.0008 1.0000 -0.0011
vn 0.0007 1.0000 -0.0013
vn 0.0033 1.0000 -0.0046
vn 0.0028 1.0000 -0.0052
vn 0.0038 1.0000 -0.0040
vn 0.0006 1.0000 -0.0014
vn 0.0004 1.0000 -0.0015
vn 0.0023 1.0000 -0.0058
vn 0.0018 1.0000 -0.0063
vn 0.0044 0.9999 -0.0144
vn 0.0055 0.9999 -0.0133
vn 0.0067 0.9999 -0.0120
vn 0.0078 0.9999 -0.0106
vn 0.0088 0.9999 -0.0091
vn 0.0001 1.0000 -0.0017
vn -0.0000 1.0000 -0.0018
vn 0.0004 1.0000 -0.0071
vn -0.0000 1.0000 -0.0071
vn 0.0009 1.0000 -0.0069
vn 0.0002 1.0000 -0.0017
vn -0.0000 0.9999 -0.0164
vn 0.0011 0.9999 -0.0163
vn 0.0021 0.9999 -0.0159
vn 0.0032 0.9999 -0.0153
vn 0.0014 1.0000 -0.0066
vn 0.0003 1.0000 -0.0016
vn 0.0733 0.9960 -0.0520
vn 0.0776 0.9961 -0.0427
vn 0.0481 0.9982 -0.0348
vn 0.0512 0.9983 -0.0285
vn 0.0840 0.9961 -0.0258
vn 0.0812 0.9961 -0.0339
vn 0.0535 0.9983 -0.0226
vn 0.0555 0.9983 -0.0172
vn 0.0207 0.9997 -0.0090
vn 0.0343 0.9993 -0.0147
vn 0.0215 0.9997 -0.0068
vn 0.0356 0.9993 -0.0111
vn 0.0326 0.9993 -0.0185
vn 0.0197 0.9997 -0.0113
vn 0.0303 0.9993 -0.0228
vn 0.0182 0.9997 -0.0140
vn 0.0886 0.9961 -0.0027
vn 0.0585 0.9983 -0.0017
vn 0.0877 0.9961 -0.0103
vn 0.0579 0.9983 -0.0068
vn 0.0376 0.9993 -0.0011
vn 0.0227 0.9997 -0.0006
vn 0.0372 0.9993 -0.0044
vn 0.0225 0.9997 -0.0026
vn 0.0221 0.9997 -0.0047
vn 0.0365 0.9993 -0.0077
vn 0.0569 0.9983 -0.0119
vn 0.0861 0.9961 -0.0180
vn 0.0013 1.0000 -0.0000
vn 0.0013 1.0000 -0.0002
vn 0.0053 1.0000 -0.0006
vn 0.0054 1.0000 -0.0002
vn 0.0012 1.0000 -0.0004
vn 0.0013 1.0000 -0.0003
vn 0.0051 1.0000 -0.0016
vn 0.0052 1.0000 -0.0011
vn 0.0120 0.9999 -0.0026
vn 0.0116 0.9999 -0.0037
vn 0.0122 0.9999 -0.0014
vn 0.0123 0.9999 -0.0003
vn 0.0010 1.0000 -0.0008
vn 0.0042 1.0000 -0.0033
vn 0.0011 1.0000 -0.0007
vn 0.0046 1.0000 -0.0027
vn 0.0098 0.9999 -0.0076
vn 0.0106 0.9999 -0.0062
vn 0.0112 0.9999 -0.0049
vn 0.0048 1.0000 -0.0022
vn 0.0012 1.0000 -0.0005
vn -0.0793 0.9955 0.0522
vn -0.0826 0.9956 0.0434
vn -0.0535 0.9981 0.0288
vn -0.0512 0.9981 0.0347
vn -0.0872 0.9958 0.0280
vn -0.0852 0.9957 0.0354
vn -0.0567 0.9982 0.0185
vn -0.0553 0.9982 0.0234
vn -0.0216 0.9997 0.0073
vn -0.0351 0.9993 0.0152
vn -0.0360 0.9993 0.0120
vn -0.0210 0.9997 0.0093
vn -0.0338 0.9993 0.0187
vn -0.0202 0.9997 0.0115
vn -0.0322 0.9992 0.0226
vn -0.0191 0.9997 0.0140
vn -0.0902 0.9959 0.0088
vn -0.0587 0.9983 0.0058
vn -0.0583 0.9982 0.0097
vn -0.0896 0.9959 0.0147
vn -0.0225 0.9997 0.0022
vn -0.0374 0.9993 0.0037
vn -0.0223 0.9997 0.0038
vn -0.0371 0.9993 0.0062
vn -0.0220 0.9997 0.0055
vn -0.0367 0.9993 0.0090
vn -0.0577 0.9982 0.0140
vn -0.0886 0.9958 0.0212
vn -0.0013 1.0000 0.0001
vn -0.0013 1.0000 0.0002
vn -0.0053 1.0000 0.0005
vn -0.0052 1.0000 0.0009
vn -0.0012 1.0000 0.0004
vn -0.0013 1.0000 0.0003
vn -0.0052 1.0000 0.0013
vn -0.0050 1.0000 0.0018
vn -0.0119 0.9999 0.0030
vn -0.0116 0.9999 0.0040
vn -0.0121 0.9999 0.0021
vn -0.0121 0.9999 0.0012
vn -0.0011 1.0000 0.0008
vn -0.0044 1.0000 0.0034
vn -0.0011 1.0000 0.0007
vn -0.0047 1.0000 0.0028
vn -0.0102 0.9999 0.0077
vn -0.0109 0.9999 0.0063
vn -0.0113 0.9999 0.0051
vn -0.0049 1.0000 0.0022
vn -0.0012 1.0000 0.0006
vn 0.0593 0.9952 0.0780
vn 0.0511 0.9948 0.0881
vn 0.0327 0.9978 0.0583
vn 0.0381 0.9979 0.0517
vn 0.0322 0.9938 0.1066
vn 0.0425 0.9943 0.0980
vn 0.0201 0.9973 0.0700
vn 0.0265 0.9976 0.0644
vn 0.0162 0.9990 0.0414
vn 0.0070 0.9996 0.0271
vn 0.0094 0.9996 0.0251
vn 0.0122 0.9989 0.0448
vn 0.0200 0.9991 0.0375
vn 0.0117 0.9997 0.0228
vn 0.0139 0.9997 0.0203
vn 0.0235 0.9992 0.0334
vn -0.0005 0.9924 0.1231
vn -0.0005 0.9968 0.0803
vn 0.0106 0.9928 0.1197
vn 0.0064 0.9969 0.0782
vn -0.0004 0.9995 0.0307
vn -0.0005 0.9987 0.0511
vn 0.0037 0.9988 0.0498
vn 0.0020 0.9995 0.0300
vn 0.0045 0.9996 0.0287
vn 0.0079 0.9988 0.0477
vn 0.0133 0.9971 0.0747
vn 0.0216 0.9932 0.1141
vn -0.0000 1.0000 0.0018
vn 0.0001 1.0000 0.0017
vn 0.0004 1.0000 0.0070
vn -0.0001 1.0000 0.0072
vn 0.0004 1.0000 0.0016
vn 0.0002 1.0000 0.0016
vn 0.0015 1.0000 0.0064
vn 0.0009 1.0000 0.0067
vn 0.0036 0.9999 0.0147
vn 0.0023 0.9999 0.0155
vn 0.0010 0.9999 0.0162
vn -0.0003 0.9999 0.0166
vn 0.0007 1.0000 0.0012
vn 0.0031 1.0000 0.0048
vn 0.0006 1.0000 0.0013
vn 0.0026 1.0000 0.0054
vn 0.0073 0.9999 0.0111
vn 0.0061 0.9999 0.0124
vn 0.0049 0.9999 0.0136
vn 0.0020 1.0000 0.0059
vn 0.0005 1.0000 0.0014
vn -0.0635 0.9957 -0.0681
vn -0.0561 0.9953 -0.0793
vn -0.0406 0.9981 -0.0453
vn -0.0356 0.9980 -0.0527
vn -0.0391 0.9942 -0.0997
vn -0.0480 0.9948 -0.0900
vn -0.0245 0.9975 -0.0658
vn -0.0302 0.9978 -0.0596
vn -0.0149 0.9990 -0.0423
vn -0.0086 0.9996 -0.0257
vn -0.0185 0.9991 -0.0384
vn -0.0107 0.9997 -0.0234
vn -0.0223 0.9992 -0.0341
vn -0.0128 0.9997 -0.0208
vn -0.0148 0.9997 -0.0180
vn -0.0256 0.9992 -0.0295
vn -0.0102 0.9928 -0.1190
vn -0.0063 0.9969 -0.0779
vn -0.0200 0.9932 -0.1146
vn -0.0124 0.9971 -0.0752
vn -0.0037 0.9988 -0.0498
vn -0.0021 0.9995 -0.0300
vn -0.0074 0.9988 -0.0481
vn -0.0042 0.9996 -0.0290
vn -0.0064 0.9996 -0.0276
vn -0.0112 0.9989 -0.0456
vn -0.0185 0.9973 -0.0711
vn -0.0297 0.9937 -0.1081
vn -0.0001 1.0000 -0.0017
vn -0.0002 1.0000 -0.0017
vn -0.0009 1.0000 -0.0068
vn -0.0004 1.0000 -0.0070
vn -0.0004 1.0000 -0.0015
vn -0.0003 1.0000 -0.0016
vn -0.0018 1.0000 -0.0061
vn -0.0014 1.0000 -0.0065
vn -0.0033 0.9999 -0.0149
vn -0.0044 0.9999 -0.0140
vn -0.0021 0.9999 -0.0157
vn -0.0010 0.9999 -0.0162
vn -0.0008 1.0000 -0.0011
vn -0.0033 1.0000 -0.0043
vn -0.0007 1.0000 -0.0012
vn -0.0028 1.0000 -0.0050
vn -0.0078 0.9999 -0.0099
vn -0.0067 0.9999 -0.0114
vn -0.0056 0.9999 -0.0127
vn -0.0023 1.0000 -0.0056
vn -0.0006 1.0000 -0.0014
vt 0.456413 0.588331
vt 0.451671 0.586482
vt 0.456121 0.581619
vt 0.449810 0.581466
vt 0.454626 0.573787
vt 0.447346 0.574056
vt 0.462363 0.574317
vt 0.463187 0.582847
vt 0.463093 0.590505
vt 0.444762 0.565209
vt 0.450752 0.554788
vt 0.452750 0.564775
vt 0.442239 0.555229
vt 0.459493 0.554783
vt 0.461040 0.564934
vt 0.469609 0.565433
vt 0.477605 0.555384
vt 0.478439 0.566021
vt 0.468449 0.555040
vt 0.470534 0.575177
vt 0.479073 0.576069
vt 0.470733 0.592483
vt 0.479335 0.585453
vt 0.479052 0.594097
vt 0.470987 0.584213
vt 0.436782 0.521151
vt 0.445757 0.509074
vt 0.446224 0.520984
vt 0.436206 0.509107
vt 0.455456 0.509031
vt 0.455821 0.520908
vt 0.447323 0.532701
vt 0.456723 0.532604
vt 0.438088 0.532992
vt 0.465564 0.520880
vt 0.475259 0.508857
vt 0.475442 0.520855
vt 0.465294 0.508964
vt 0.466278 0.532624
vt 0.475979 0.532685
vt 0.476742 0.544234
vt 0.467289 0.544057
vt 0.458001 0.543951
vt 0.448887 0.544033
vt 0.439960 0.544421
vt 0.516099 0.519920
vt 0.505822 0.508151
vt 0.516199 0.507738
vt 0.505783 0.520366
vt 0.505847 0.532387
vt 0.516023 0.531900
vt 0.495562 0.520641
vt 0.495774 0.532635
vt 0.495533 0.508466
vt 0.506120 0.555501
vt 0.505972 0.544128
vt 0.515911 0.554914
vt 0.515963 0.543593
vt 0.496460 0.555711
vt 0.496097 0.544356
vt 0.486948 0.555640
vt 0.486349 0.544362
vt 0.485814 0.532712
vt 0.485342 0.508696
vt 0.485444 0.520790
vt 0.506138 0.595575
vt 0.506300 0.586544
vt 0.515638 0.594795
vt 0.515732 0.585804
vt 0.497050 0.586686
vt 0.496826 0.595688
vt 0.497013 0.576964
vt 0.506324 0.576796
vt 0.515803 0.576104
vt 0.487774 0.595181
vt 0.488042 0.586300
vt 0.487914 0.576693
vt 0.487510 0.566445
vt 0.496790 0.566610
vt 0.515861 0.565779
vt 0.506251 0.566420
vt 0.441736 0.433753
vt 0.446222 0.427110
vt 0.449572 0.430245
vt 0.447890 0.435585
vt 0.445681 0.443370
vt 0.438240 0.441895
vt 0.435249 0.430128
vt 0.430462 0.439052
vt 0.441051 0.422472
vt 0.435104 0.451334
vt 0.441155 0.462771
vt 0.432351 0.461790
vt 0.443382 0.452543
vt 0.426445 0.449077
vt 0.423116 0.460017
vt 0.405529 0.440943
vt 0.412859 0.457331
vt 0.400990 0.453616
vt 0.416791 0.445653
vt 0.411129 0.429163
vt 0.421620 0.434852
vt 0.417819 0.418455
vt 0.425626 0.408997
vt 0.427423 0.425092
vt 0.434276 0.416535
vt 0.426813 0.509144
vt 0.427092 0.496842
vt 0.436519 0.497067
vt 0.417218 0.496465
vt 0.416988 0.509218
vt 0.418391 0.483893
vt 0.428203 0.484727
vt 0.437559 0.485212
vt 0.406143 0.509358
vt 0.393687 0.509595
vt 0.406312 0.495919
vt 0.393784 0.495182
vt 0.395067 0.480923
vt 0.407540 0.482646
vt 0.397486 0.467006
vt 0.409749 0.469723
vt 0.420394 0.471682
vt 0.439159 0.473721
vt 0.430003 0.472982
vt 0.340763 0.511195
vt 0.315970 0.512126
vt 0.340608 0.491642
vt 0.315728 0.489953
vt 0.342115 0.472235
vt 0.317366 0.467934
vt 0.362930 0.475787
vt 0.361520 0.493063
vt 0.361587 0.510483
vt 0.320886 0.446366
vt 0.350085 0.434892
vt 0.345276 0.453232
vt 0.326287 0.425548
vt 0.370122 0.442570
vt 0.365803 0.458881
vt 0.383022 0.463432
vt 0.386917 0.448753
vt 0.380389 0.478660
vt 0.379032 0.509960
vt 0.379049 0.494237
vt 0.366684 0.355728
vt 0.385653 0.373324
vt 0.374325 0.386431
vt 0.353767 0.370570
vt 0.391620 0.399469
vt 0.401606 0.387797
vt 0.383038 0.412639
vt 0.364616 0.401233
vt 0.342728 0.387352
vt 0.414833 0.399553
vt 0.406002 0.410029
vt 0.398406 0.421854
vt 0.392045 0.434828
vt 0.375869 0.427081
vt 0.333568 0.405778
vt 0.356534 0.417473
vt 0.454678 0.593987
vt 0.448805 0.589521
vt 0.461663 0.597273
vt 0.458893 0.603947
vt 0.451208 0.599610
vt 0.444378 0.594008
vt 0.469534 0.599927
vt 0.478054 0.601927
vt 0.476244 0.609651
vt 0.467288 0.607260
vt 0.463892 0.615197
vt 0.469805 0.627621
vt 0.459244 0.624453
vt 0.473527 0.617979
vt 0.454778 0.611321
vt 0.449199 0.620065
vt 0.438556 0.599785
vt 0.439777 0.614347
vt 0.431084 0.607193
vt 0.446295 0.606225
vt 0.515514 0.602992
vt 0.505799 0.603803
vt 0.505268 0.611931
vt 0.515385 0.611093
vt 0.496265 0.603883
vt 0.495318 0.611976
vt 0.503571 0.630702
vt 0.504531 0.620662
vt 0.515207 0.629803
vt 0.515274 0.619797
vt 0.493933 0.620673
vt 0.492063 0.630681
vt 0.480776 0.629675
vt 0.483569 0.619792
vt 0.485615 0.611219
vt 0.486991 0.603252
vt 0.497220 0.698006
vt 0.499214 0.675701
vt 0.515853 0.696801
vt 0.515505 0.674608
vt 0.483029 0.675607
vt 0.478701 0.697890
vt 0.486663 0.657445
vt 0.500928 0.657517
vt 0.515298 0.656510
vt 0.451539 0.671365
vt 0.460460 0.696309
vt 0.442661 0.693120
vt 0.467090 0.674203
vt 0.458937 0.653644
vt 0.472626 0.656189
vt 0.464984 0.639286
vt 0.477158 0.641577
vt 0.489657 0.642704
vt 0.515206 0.641807
vt 0.502375 0.642752
vt 0.396037 0.643201
vt 0.393554 0.672468
vt 0.379163 0.661410
vt 0.408624 0.653011
vt 0.421187 0.637200
vt 0.410119 0.628417
vt 0.422164 0.660893
vt 0.433095 0.644258
vt 0.409044 0.681343
vt 0.431489 0.624492
vt 0.421703 0.616576
vt 0.442039 0.630847
vt 0.453241 0.635743
vt 0.445720 0.649703
vt 0.436516 0.666970
vt 0.425468 0.688179
vt 0.582127 0.569045
vt 0.582663 0.576460
vt 0.580191 0.573963
vt 0.587008 0.570164
vt 0.584572 0.561944
vt 0.590517 0.562674
vt 0.591866 0.572999
vt 0.596422 0.564764
vt 0.586419 0.580266
vt 0.587022 0.553632
vt 0.589311 0.544401
vt 0.593662 0.554102
vt 0.596397 0.544675
vt 0.600274 0.555659
vt 0.603480 0.545815
vt 0.620320 0.551111
vt 0.607533 0.558410
vt 0.611230 0.547925
vt 0.616115 0.562462
vt 0.603041 0.568200
vt 0.611007 0.573106
vt 0.604952 0.582936
vt 0.591390 0.585292
vt 0.597683 0.577194
vt 0.597908 0.591847
vt 0.601619 0.513165
vt 0.593876 0.513469
vt 0.594355 0.502519
vt 0.602150 0.502021
vt 0.609391 0.513126
vt 0.609980 0.501595
vt 0.608082 0.524423
vt 0.600440 0.524076
vt 0.592821 0.524187
vt 0.627755 0.513930
vt 0.618533 0.501222
vt 0.628495 0.500880
vt 0.617875 0.513374
vt 0.626143 0.526729
vt 0.616423 0.525288
vt 0.614201 0.536845
vt 0.623664 0.539162
vt 0.606097 0.535361
vt 0.591272 0.534542
vt 0.598678 0.534623
vt 0.694911 0.519631
vt 0.673705 0.499823
vt 0.696172 0.499390
vt 0.672609 0.517643
vt 0.692329 0.539462
vt 0.670338 0.535107
vt 0.654438 0.516043
vt 0.652427 0.531575
vt 0.655394 0.500202
vt 0.662160 0.568369
vt 0.688389 0.558709
vt 0.683055 0.577202
vt 0.666865 0.552065
vt 0.649340 0.546664
vt 0.645158 0.561179
vt 0.635158 0.542399
vt 0.631420 0.555478
vt 0.637919 0.528803
vt 0.639714 0.514812
vt 0.640553 0.500547
vt 0.647020 0.640200
vt 0.640361 0.611854
vt 0.658308 0.626440
vt 0.630435 0.624042
vt 0.617005 0.610847
vt 0.625808 0.599952
vt 0.648937 0.598413
vt 0.633417 0.587954
vt 0.668052 0.611239
vt 0.614166 0.590418
vt 0.606305 0.600241
vt 0.620953 0.579604
vt 0.626695 0.567919
vt 0.639859 0.574986
vt 0.656194 0.583868
vt 0.676288 0.594769
vt 0.577822 0.426632
vt 0.585018 0.425429
vt 0.582346 0.428543
vt 0.579400 0.420778
vt 0.572540 0.417192
vt 0.571259 0.424270
vt 0.582607 0.414923
vt 0.575085 0.410165
vt 0.589083 0.420800
vt 0.555872 0.411458
vt 0.564617 0.414082
vt 0.555020 0.419832
vt 0.563563 0.421953
vt 0.566659 0.406272
vt 0.557484 0.403140
vt 0.560025 0.394197
vt 0.563667 0.383948
vt 0.569863 0.397834
vt 0.574407 0.388080
vt 0.578967 0.402410
vt 0.584379 0.393282
vt 0.587209 0.408041
vt 0.593452 0.399641
vt 0.601492 0.407247
vt 0.594459 0.414844
vt 0.526648 0.415877
vt 0.516784 0.415634
vt 0.526749 0.406795
vt 0.516588 0.406506
vt 0.526990 0.397804
vt 0.516329 0.397478
vt 0.537502 0.398876
vt 0.536786 0.407756
vt 0.536411 0.416712
vt 0.516041 0.387856
vt 0.528200 0.377326
vt 0.527448 0.388212
vt 0.515760 0.376942
vt 0.538676 0.389387
vt 0.540424 0.378601
vt 0.552293 0.380799
vt 0.549582 0.391382
vt 0.547716 0.400665
vt 0.545919 0.418058
vt 0.546544 0.409330
vt 0.532988 0.329979
vt 0.515302 0.329496
vt 0.515393 0.306458
vt 0.535686 0.306993
vt 0.550298 0.331623
vt 0.555536 0.308818
vt 0.546114 0.350400
vt 0.530893 0.348902
vt 0.515356 0.348458
vt 0.574740 0.312048
vt 0.583077 0.338764
vt 0.567053 0.334519
vt 0.593094 0.316795
vt 0.574977 0.356860
vt 0.560861 0.353028
vt 0.555996 0.368234
vt 0.568579 0.371712
vt 0.542863 0.365833
vt 0.515521 0.364042
vt 0.529322 0.364453
vt 0.641021 0.341271
vt 0.636320 0.371090
vt 0.624992 0.360519
vt 0.653939 0.353218
vt 0.621993 0.385780
vt 0.611970 0.376350
vt 0.612224 0.351669
vt 0.600688 0.368440
vt 0.626438 0.331293
vt 0.601581 0.389234
vt 0.610526 0.397696
vt 0.591513 0.382135
vt 0.580465 0.376319
vt 0.588305 0.361970
vt 0.598193 0.344449
vt 0.610394 0.323172
vt 0.446088 0.497161
vt 0.447042 0.485414
vt 0.455789 0.497140
vt 0.456647 0.485382
vt 0.448444 0.473997
vt 0.450120 0.463077
vt 0.457854 0.473908
vt 0.459239 0.462867
vt 0.477028 0.473030
vt 0.468506 0.462299
vt 0.477914 0.461533
vt 0.467384 0.473553
vt 0.466366 0.485170
vt 0.476195 0.484828
vt 0.465615 0.497017
vt 0.475558 0.496809
vt 0.454717 0.435243
vt 0.454619 0.428147
vt 0.462242 0.433669
vt 0.461726 0.425548
vt 0.453511 0.443464
vt 0.461725 0.442638
vt 0.479262 0.429915
vt 0.469839 0.422989
vt 0.478642 0.420633
vt 0.470492 0.431807
vt 0.470316 0.441350
vt 0.479221 0.439886
vt 0.469569 0.451539
vt 0.478708 0.450455
vt 0.460627 0.452407
vt 0.451894 0.452821
vt 0.516883 0.425559
vt 0.506971 0.416065
vt 0.507222 0.425978
vt 0.507258 0.436573
vt 0.516900 0.436166
vt 0.497690 0.426907
vt 0.497735 0.437396
vt 0.497289 0.417094
vt 0.506891 0.459357
vt 0.507131 0.447736
vt 0.516755 0.458971
vt 0.516852 0.447342
vt 0.497515 0.448454
vt 0.497120 0.459972
vt 0.487456 0.460728
vt 0.488032 0.449393
vt 0.488375 0.438534
vt 0.488349 0.428250
vt 0.487819 0.418643
vt 0.506004 0.495831
vt 0.516331 0.495437
vt 0.495760 0.496201
vt 0.496157 0.483956
vt 0.506276 0.483516
vt 0.516478 0.483133
vt 0.485609 0.496532
vt 0.486128 0.484408
vt 0.486783 0.472436
vt 0.496639 0.471843
vt 0.516625 0.470940
vt 0.506589 0.471321
vt 0.427507 0.521452
vt 0.429028 0.533552
vt 0.419566 0.534509
vt 0.417812 0.521969
vt 0.433968 0.556282
vt 0.431230 0.545233
vt 0.425361 0.558127
vt 0.422124 0.546631
vt 0.412066 0.548778
vt 0.415842 0.560947
vt 0.404833 0.564924
vt 0.400484 0.551838
vt 0.409123 0.535990
vt 0.397121 0.538122
vt 0.394828 0.523975
vt 0.407114 0.522782
vt 0.444274 0.583327
vt 0.438549 0.586898
vt 0.440548 0.575589
vt 0.433536 0.578439
vt 0.431673 0.591875
vt 0.423226 0.598495
vt 0.425614 0.582657
vt 0.416220 0.588432
vt 0.410084 0.577181
vt 0.420347 0.572294
vt 0.429153 0.568789
vt 0.437093 0.566487
vt 0.384544 0.631338
vt 0.366033 0.648027
vt 0.374217 0.617664
vt 0.354242 0.632590
vt 0.400013 0.617802
vt 0.390932 0.605571
vt 0.365128 0.602423
vt 0.334990 0.596649
vt 0.357349 0.585858
vt 0.343869 0.615373
vt 0.382940 0.591943
vt 0.376100 0.577136
vt 0.397770 0.583630
vt 0.391757 0.570239
vt 0.404796 0.595948
vt 0.412790 0.606996
vt 0.318096 0.534155
vt 0.342586 0.530635
vt 0.363148 0.527820
vt 0.346006 0.549721
vt 0.366134 0.544854
vt 0.322026 0.555767
vt 0.380367 0.525627
vt 0.382982 0.541032
vt 0.386803 0.555971
vt 0.370475 0.561366
vt 0.327683 0.576689
vt 0.350951 0.568209
vt 0.594175 0.491469
vt 0.601968 0.490774
vt 0.593418 0.480497
vt 0.601135 0.479606
vt 0.609807 0.489955
vt 0.608909 0.478388
vt 0.592166 0.469780
vt 0.597762 0.458236
vt 0.599713 0.468700
vt 0.590500 0.459498
vt 0.607321 0.467075
vt 0.605082 0.456197
vt 0.625428 0.461672
vt 0.613137 0.453236
vt 0.622604 0.449204
vt 0.615667 0.464776
vt 0.617418 0.476742
vt 0.627344 0.474565
vt 0.618377 0.488951
vt 0.628362 0.487696
vt 0.589212 0.431735
vt 0.584118 0.433666
vt 0.594372 0.428048
vt 0.598685 0.436488
vt 0.592487 0.439467
vt 0.586326 0.441104
vt 0.608365 0.416187
vt 0.600589 0.422935
vt 0.614134 0.426281
vt 0.605686 0.432145
vt 0.618860 0.437346
vt 0.609839 0.442302
vt 0.602229 0.445936
vt 0.595345 0.448396
vt 0.588504 0.449827
vt 0.664988 0.367248
vt 0.646032 0.383479
vt 0.674243 0.383070
vt 0.654186 0.397431
vt 0.630600 0.396811
vt 0.637843 0.409221
vt 0.681776 0.400395
vt 0.687660 0.418931
vt 0.660841 0.412694
vt 0.666057 0.429015
vt 0.643771 0.422788
vt 0.648434 0.437290
vt 0.634159 0.443954
vt 0.629973 0.430924
vt 0.624673 0.418739
vt 0.618207 0.407597
vt 0.673657 0.481798
vt 0.696151 0.478909
vt 0.655318 0.484183
vt 0.654162 0.468210
vt 0.672406 0.463820
vt 0.694774 0.458479
vt 0.640448 0.486128
vt 0.639367 0.471756
vt 0.637280 0.457632
vt 0.651882 0.452505
vt 0.691968 0.438389
vt 0.669892 0.446141
vt 0.526498 0.519260
vt 0.526654 0.507210
vt 0.536889 0.518443
vt 0.537095 0.506594
vt 0.526291 0.531104
vt 0.536557 0.530087
vt 0.557274 0.516569
vt 0.547431 0.505917
vt 0.557572 0.505204
vt 0.547178 0.517527
vt 0.546725 0.528934
vt 0.556702 0.527730
vt 0.545516 0.550816
vt 0.546147 0.540057
vt 0.555099 0.549098
vt 0.555947 0.538602
vt 0.536150 0.541447
vt 0.535718 0.552443
vt 0.525813 0.553852
vt 0.526055 0.542662
vt 0.585908 0.503113
vt 0.585477 0.514020
vt 0.584544 0.524700
vt 0.576516 0.514758
vt 0.575704 0.525522
vt 0.576901 0.503776
vt 0.581551 0.544886
vt 0.583204 0.535030
vt 0.574567 0.535957
vt 0.573204 0.545952
vt 0.564358 0.547416
vt 0.565451 0.537191
vt 0.566393 0.526563
vt 0.567084 0.515627
vt 0.567426 0.504482
vt 0.575705 0.576315
vt 0.576241 0.570003
vt 0.569391 0.572199
vt 0.569207 0.579381
vt 0.570359 0.564180
vt 0.577830 0.562589
vt 0.561595 0.582586
vt 0.553130 0.577527
vt 0.561617 0.574795
vt 0.553157 0.585741
vt 0.553543 0.568633
vt 0.562227 0.566289
vt 0.563212 0.557139
vt 0.554248 0.559132
vt 0.571716 0.555395
vt 0.579680 0.554145
vt 0.525254 0.593303
vt 0.525287 0.584399
vt 0.525406 0.574802
vt 0.534809 0.582462
vt 0.534991 0.573029
vt 0.534822 0.591218
vt 0.525590 0.564592
vt 0.535313 0.562997
vt 0.544908 0.561131
vt 0.544417 0.570926
vt 0.544178 0.588657
vt 0.544142 0.580127
vt 0.525331 0.601432
vt 0.535088 0.599218
vt 0.535710 0.607138
vt 0.525583 0.609474
vt 0.553773 0.593202
vt 0.544623 0.596443
vt 0.555131 0.600577
vt 0.545611 0.604151
vt 0.560686 0.617724
vt 0.549754 0.622002
vt 0.547276 0.612448
vt 0.557384 0.608529
vt 0.536792 0.615655
vt 0.538437 0.625445
vt 0.526875 0.628048
vt 0.526076 0.618117
vt 0.577011 0.581453
vt 0.579895 0.586464
vt 0.570200 0.585657
vt 0.572419 0.591799
vt 0.584094 0.592395
vt 0.589833 0.599732
vt 0.580853 0.606639
vt 0.575913 0.598582
vt 0.571095 0.612620
vt 0.566970 0.603934
vt 0.564116 0.596482
vt 0.562376 0.589590
vt 0.634151 0.652347
vt 0.619131 0.634827
vt 0.619891 0.662937
vt 0.606617 0.644251
vt 0.606984 0.620509
vt 0.595893 0.628973
vt 0.593060 0.652357
vt 0.604432 0.672023
vt 0.587965 0.679660
vt 0.578628 0.659188
vt 0.583884 0.636273
vt 0.571105 0.642446
vt 0.565192 0.628827
vt 0.576648 0.623214
vt 0.587409 0.616602
vt 0.597340 0.608957
vt 0.534435 0.694418
vt 0.531759 0.672453
vt 0.529651 0.654529
vt 0.547810 0.669193
vt 0.543838 0.651544
vt 0.552775 0.690803
vt 0.528045 0.639956
vt 0.540750 0.637185
vt 0.553179 0.633480
vt 0.557706 0.647526
vt 0.570682 0.685902
vt 0.563489 0.664786
vt 0.506454 0.406947
vt 0.496442 0.408066
vt 0.505665 0.397928
vt 0.495107 0.399133
vt 0.477171 0.412130
vt 0.486650 0.409811
vt 0.484766 0.401071
vt 0.474750 0.403721
vt 0.471278 0.394721
vt 0.478552 0.381130
vt 0.482092 0.391739
vt 0.466659 0.384445
vt 0.490795 0.378803
vt 0.493239 0.389608
vt 0.504597 0.388318
vt 0.503245 0.377421
vt 0.452326 0.422167
vt 0.448112 0.416251
vt 0.456221 0.411202
vt 0.459726 0.418322
vt 0.434577 0.400966
vt 0.442255 0.409346
vt 0.451193 0.403398
vt 0.444508 0.394264
vt 0.460923 0.398566
vt 0.455256 0.388790
vt 0.465168 0.407062
vt 0.468102 0.414972
vt 0.381478 0.343126
vt 0.398594 0.362172
vt 0.397886 0.332630
vt 0.412921 0.352863
vt 0.412988 0.377848
vt 0.425571 0.369526
vt 0.428408 0.345286
vt 0.434483 0.317426
vt 0.444827 0.339330
vt 0.415642 0.324107
vt 0.439158 0.362736
vt 0.453556 0.357381
vt 0.460792 0.372209
vt 0.448055 0.377042
vt 0.436033 0.383150
vt 0.424902 0.390623
vt 0.497417 0.330078
vt 0.494862 0.307101
vt 0.499661 0.348994
vt 0.484000 0.350600
vt 0.479558 0.331837
vt 0.474357 0.309055
vt 0.501602 0.364544
vt 0.487731 0.366027
vt 0.474073 0.368560
vt 0.468567 0.353365
vt 0.454143 0.312453
vt 0.461952 0.334884
vt 0.526610 0.425742
vt 0.536260 0.426432
vt 0.526617 0.436278
vt 0.536281 0.436805
vt 0.545690 0.427531
vt 0.554758 0.428944
vt 0.545763 0.437646
vt 0.554936 0.438699
vt 0.546433 0.459387
vt 0.555408 0.449004
vt 0.556026 0.459762
vt 0.546043 0.448299
vt 0.536625 0.459073
vt 0.536420 0.447722
vt 0.526699 0.458905
vt 0.526652 0.447370
vt 0.578104 0.433511
vt 0.579439 0.441423
vt 0.571872 0.440862
vt 0.571170 0.432178
vt 0.582619 0.460130
vt 0.581021 0.450376
vt 0.574196 0.460285
vt 0.572966 0.450269
vt 0.565306 0.460112
vt 0.564406 0.449736
vt 0.563672 0.439863
vt 0.563319 0.430574
vt 0.585742 0.492105
vt 0.576761 0.492688
vt 0.585075 0.481161
vt 0.576195 0.481644
vt 0.557505 0.493722
vt 0.567318 0.493225
vt 0.566863 0.481989
vt 0.557165 0.482241
vt 0.556642 0.470881
vt 0.566158 0.470907
vt 0.575306 0.470793
vt 0.584003 0.470448
vt 0.526734 0.495036
vt 0.526757 0.482852
vt 0.537124 0.494621
vt 0.537024 0.482634
vt 0.526740 0.470770
vt 0.536842 0.470748
vt 0.546839 0.470806
vt 0.547189 0.482443
vt 0.547411 0.494185
vt 0.289092 0.538460
vt 0.286620 0.513308
vt 0.293621 0.563124
vt 0.256275 0.543430
vt 0.261479 0.571593
vt 0.253419 0.514702
vt 0.308508 0.609752
vt 0.300122 0.586991
vt 0.268934 0.598839
vt 0.278545 0.624814
vt 0.245740 0.641482
vt 0.198344 0.626052
vt 0.234786 0.611952
vt 0.210731 0.659401
vt 0.188729 0.591064
vt 0.226286 0.580973
vt 0.182006 0.554889
vt 0.217075 0.516271
vt 0.220347 0.548946
vt 0.178296 0.517977
vt 0.359201 0.683530
vt 0.344127 0.668295
vt 0.336632 0.708962
vt 0.319355 0.691593
vt 0.303851 0.671544
vt 0.330597 0.650713
vt 0.285588 0.767372
vt 0.292243 0.717376
vt 0.311934 0.737109
vt 0.263319 0.745096
vt 0.243339 0.719374
vt 0.274575 0.694594
vt 0.259038 0.669162
vt 0.225770 0.690659
vt 0.290216 0.649167
vt 0.318695 0.631096
vt 0.173309 0.897641
vt 0.170939 0.834407
vt 0.201454 0.864887
vt 0.140034 0.864404
vt 0.110183 0.826023
vt 0.143564 0.799209
vt 0.202140 0.804159
vt 0.177263 0.772171
vt 0.229869 0.831859
vt 0.119492 0.759912
vt 0.061467 0.736522
vt 0.098888 0.717132
vt 0.083934 0.783171
vt 0.155389 0.736457
vt 0.136666 0.697580
vt 0.174160 0.678218
vt 0.191017 0.713232
vt 0.210712 0.745396
vt 0.258073 0.799155
vt 0.233108 0.774206
vt 0.018539 0.580530
vt 0.054426 0.523547
vt 0.059520 0.574078
vt 0.012983 0.525429
vt 0.096264 0.521653
vt 0.100893 0.567574
vt 0.068738 0.623598
vt 0.109269 0.612577
vt 0.028590 0.634528
vt 0.141955 0.561138
vt 0.137790 0.519784
vt 0.149494 0.601665
vt 0.160274 0.640860
vt 0.121243 0.656099
vt 0.042959 0.686750
vt 0.081915 0.671488
vt 0.537742 0.721111
vt 0.516364 0.723786
vt 0.558842 0.717044
vt 0.541583 0.751808
vt 0.565838 0.747208
vt 0.517015 0.754831
vt 0.579442 0.711519
vt 0.599320 0.704470
vt 0.589522 0.740950
vt 0.612377 0.732955
vt 0.612665 0.808494
vt 0.626822 0.764449
vt 0.642338 0.798290
vt 0.600678 0.773504
vt 0.581928 0.816472
vt 0.573591 0.780586
vt 0.550468 0.822330
vt 0.517777 0.789205
vt 0.545858 0.785789
vt 0.518625 0.826174
vt 0.667187 0.659695
vt 0.652410 0.673509
vt 0.673404 0.697754
vt 0.690375 0.682016
vt 0.654576 0.711436
vt 0.636026 0.685532
vt 0.716026 0.706650
vt 0.721569 0.753258
vt 0.696625 0.724523
vt 0.743581 0.733086
vt 0.697131 0.770778
vt 0.675093 0.740052
vt 0.651726 0.753329
vt 0.670607 0.785753
vt 0.634148 0.723144
vt 0.618255 0.695830
vt 0.832080 0.818082
vt 0.828446 0.876693
vt 0.801673 0.845677
vt 0.861661 0.846602
vt 0.791548 0.902822
vt 0.767898 0.869639
vt 0.774599 0.814394
vt 0.743980 0.836171
vt 0.802167 0.789314
vt 0.731234 0.890113
vt 0.751494 0.925149
vt 0.708812 0.943833
vt 0.692163 0.907248
vt 0.710744 0.854780
vt 0.675324 0.870353
vt 0.658610 0.833813
vt 0.690407 0.819782
vt 0.720242 0.803018
vt 0.772481 0.760812
vt 0.747729 0.783401
vt 0.570272 0.979641
vt 0.521423 0.945334
vt 0.565314 0.940086
vt 0.522352 0.985363
vt 0.520474 0.904971
vt 0.560295 0.900201
vt 0.599666 0.892930
vt 0.608722 0.932088
vt 0.617673 0.970919
vt 0.555313 0.860708
vt 0.519533 0.865007
vt 0.590677 0.854156
vt 0.625238 0.845231
vt 0.638153 0.883026
vt 0.664029 0.959037
vt 0.651165 0.921191
vt 0.723483 0.498880
vt 0.723484 0.475452
vt 0.721943 0.452081
vt 0.754903 0.471516
vt 0.753163 0.444788
vt 0.754883 0.498306
vt 0.718768 0.429099
vt 0.713871 0.406843
vt 0.749555 0.418508
vt 0.743973 0.393058
vt 0.820147 0.394368
vt 0.777247 0.377885
vt 0.812973 0.361634
vt 0.783594 0.406852
vt 0.824767 0.428173
vt 0.787687 0.436765
vt 0.789617 0.497679
vt 0.789653 0.467187
vt 0.826932 0.497012
vt 0.826980 0.462553
vt 0.687956 0.347766
vt 0.675277 0.331753
vt 0.714307 0.325534
vt 0.699755 0.307248
vt 0.726457 0.346187
vt 0.698555 0.365842
vt 0.774658 0.274819
vt 0.726790 0.280256
vt 0.755801 0.251330
vt 0.743417 0.301051
vt 0.790375 0.301364
vt 0.757285 0.324547
vt 0.803097 0.330467
vt 0.768519 0.350304
vt 0.736310 0.368823
vt 0.707163 0.385645
vt 0.908400 0.162396
vt 0.848874 0.158471
vt 0.879974 0.127334
vt 0.874901 0.190625
vt 0.932063 0.202025
vt 0.896570 0.226968
vt 0.841026 0.219106
vt 0.860681 0.252133
vt 0.817424 0.189885
vt 0.951193 0.245480
vt 0.966021 0.292018
vt 0.914092 0.266818
vt 0.927675 0.309496
vt 0.876578 0.288347
vt 0.888906 0.327131
vt 0.850432 0.344613
vt 0.839349 0.309689
vt 0.825062 0.277078
vt 0.807403 0.247337
vt 0.786206 0.221022
vt 0.946816 0.494885
vt 0.946891 0.447697
vt 0.986910 0.494174
vt 0.986991 0.442718
vt 0.906353 0.452721
vt 0.906286 0.495603
vt 0.903605 0.409936
vt 0.943865 0.400616
vt 0.983690 0.391379
vt 0.866073 0.496316
vt 0.866132 0.457702
vt 0.863656 0.419176
vt 0.858478 0.381294
vt 0.897851 0.367867
vt 0.976777 0.340899
vt 0.937530 0.354322
vt 0.515664 0.278650
vt 0.491992 0.279372
vt 0.468352 0.281573
vt 0.488855 0.247618
vt 0.461670 0.250110
vt 0.516087 0.246802
vt 0.445053 0.285409
vt 0.422401 0.291037
vt 0.434885 0.254460
vt 0.408854 0.260853
vt 0.394113 0.227561
vt 0.412115 0.183682
vt 0.423839 0.220316
vt 0.378452 0.191852
vt 0.446777 0.178130
vt 0.454436 0.215388
vt 0.485502 0.212569
vt 0.517279 0.173917
vt 0.516634 0.211647
vt 0.481983 0.174954
vt 0.361398 0.320240
vt 0.344405 0.334603
vt 0.338816 0.294106
vt 0.319335 0.310492
vt 0.360466 0.280493
vt 0.380266 0.308296
vt 0.288003 0.234454
vt 0.291989 0.283938
vt 0.262884 0.255484
vt 0.314197 0.265314
vt 0.338889 0.249850
vt 0.315941 0.216998
vt 0.365662 0.237336
vt 0.346242 0.202877
vt 0.383929 0.269469
vt 0.400703 0.298614
vt 0.176747 0.102145
vt 0.170185 0.164152
vt 0.139212 0.133528
vt 0.204607 0.135372
vt 0.242906 0.111489
vt 0.218512 0.076102
vt 0.232745 0.168892
vt 0.267545 0.147187
vt 0.201466 0.195048
vt 0.284464 0.092174
vt 0.312039 0.038601
vt 0.328663 0.077098
vt 0.263833 0.055041
vt 0.305302 0.129633
vt 0.345454 0.115931
vt 0.362141 0.154412
vt 0.326008 0.166755
vt 0.292025 0.182567
vt 0.260698 0.202117
vt 0.232538 0.225673
vt 0.470932 0.054008
vt 0.520277 0.011879
vt 0.519519 0.052592
vt 0.467250 0.013422
vt 0.474648 0.094944
vt 0.518749 0.093658
vt 0.430690 0.098886
vt 0.422514 0.058344
vt 0.414420 0.018151
vt 0.517993 0.134343
vt 0.478349 0.135503
vt 0.438820 0.139055
vt 0.399914 0.145268
vt 0.387438 0.105782
vt 0.362459 0.026424
vt 0.374886 0.065931
vt 0.329595 0.351541
vt 0.316962 0.370710
vt 0.302374 0.329832
vt 0.287924 0.351732
vt 0.298210 0.414365
vt 0.306502 0.391766
vt 0.275976 0.375795
vt 0.266520 0.401626
vt 0.207096 0.339404
vt 0.242628 0.358222
vt 0.194964 0.372614
vt 0.231883 0.387614
vt 0.256218 0.330844
vt 0.222448 0.308471
vt 0.272667 0.305932
vt 0.241038 0.280327
vt 0.286291 0.487978
vt 0.253005 0.485761
vt 0.288109 0.462815
vt 0.255045 0.457005
vt 0.216579 0.483348
vt 0.177720 0.480782
vt 0.218873 0.450629
vt 0.180294 0.443815
vt 0.186036 0.407588
vt 0.223969 0.418567
vt 0.259546 0.428827
vt 0.292081 0.438163
vt 0.053619 0.472623
vt 0.012103 0.469899
vt 0.057125 0.422008
vt 0.015926 0.414706
vt 0.098719 0.429378
vt 0.095532 0.475375
vt 0.024480 0.360617
vt 0.077179 0.324516
vt 0.064970 0.372405
vt 0.037794 0.308396
vt 0.116946 0.340781
vt 0.105850 0.384301
vt 0.146434 0.396097
vt 0.156430 0.356908
vt 0.140009 0.436689
vt 0.137135 0.478110
vt 0.140257 0.198159
vt 0.106577 0.170611
vt 0.174269 0.225953
vt 0.114797 0.236690
vt 0.151133 0.260969
vt 0.078815 0.212627
vt 0.208051 0.253504
vt 0.187218 0.285037
vt 0.170018 0.319697
vt 0.132033 0.299458
vt 0.055896 0.258811
vt 0.093780 0.279043
vt 0.680134 0.644023
vt 0.691299 0.626690
vt 0.718033 0.644363
vt 0.705232 0.664144
vt 0.708468 0.587833
vt 0.700728 0.607894
vt 0.737697 0.599985
vt 0.728836 0.622902
vt 0.804780 0.627749
vt 0.759934 0.639449
vt 0.770035 0.613383
vt 0.793345 0.657196
vt 0.747611 0.663855
vt 0.779388 0.684763
vt 0.732998 0.686342
vt 0.762827 0.710157
vt 0.722028 0.522030
vt 0.753210 0.524775
vt 0.749826 0.550695
vt 0.719071 0.544703
vt 0.824769 0.531053
vt 0.787707 0.527804
vt 0.820411 0.564385
vt 0.783853 0.557301
vt 0.813775 0.596714
vt 0.777985 0.585914
vt 0.744674 0.575841
vt 0.714567 0.566704
vt 0.983676 0.545006
vt 0.943851 0.541501
vt 0.977158 0.594775
vt 0.937874 0.587142
vt 0.903591 0.537965
vt 0.898162 0.579442
vt 0.916410 0.673899
vt 0.967222 0.643046
vt 0.953738 0.689379
vt 0.928768 0.631409
vt 0.889892 0.619669
vt 0.878672 0.658283
vt 0.851319 0.608036
vt 0.841227 0.642808
vt 0.858761 0.571811
vt 0.863648 0.534461
vt 0.858638 0.786705
vt 0.890666 0.812388
vt 0.826252 0.760799
vt 0.881465 0.751948
vt 0.846960 0.729213
vt 0.915592 0.774488
vt 0.794113 0.735130
vt 0.812719 0.706683
vt 0.828392 0.675800
vt 0.864397 0.694919
vt 0.900683 0.714213
vt 0.936572 0.733339
vt 0.375732 0.696110
vt 0.393532 0.706200
vt 0.375999 0.734791
vt 0.355585 0.723297
vt 0.432179 0.719579
vt 0.412411 0.713968
vt 0.420341 0.750023
vt 0.397657 0.743636
vt 0.381519 0.776484
vt 0.393597 0.819991
vt 0.364308 0.811812
vt 0.407398 0.783733
vt 0.356818 0.766443
vt 0.336360 0.800481
vt 0.310027 0.785751
vt 0.333541 0.753391
vt 0.494930 0.725137
vt 0.492389 0.756356
vt 0.473628 0.724997
vt 0.467924 0.756191
vt 0.486740 0.828111
vt 0.489644 0.790927
vt 0.461706 0.790735
vt 0.455089 0.827892
vt 0.423950 0.825269
vt 0.434209 0.788410
vt 0.443836 0.754144
vt 0.452648 0.723200
vt 0.474442 0.988245
vt 0.477528 0.947977
vt 0.434002 0.947675
vt 0.426946 0.987916
vt 0.441122 0.907099
vt 0.480636 0.907373
vt 0.349548 0.936868
vt 0.380268 0.984002
vt 0.334813 0.976132
vt 0.391218 0.944085
vt 0.364423 0.897277
vt 0.402271 0.903837
vt 0.379189 0.858079
vt 0.413242 0.863988
vt 0.448189 0.866926
vt 0.483722 0.867172
vt 0.209829 0.925060
vt 0.234945 0.890032
vt 0.260302 0.854711
vt 0.271039 0.910183
vt 0.293098 0.873025
vt 0.249189 0.947033
vt 0.285472 0.819738
vt 0.314996 0.836233
vt 0.346338 0.848921
vt 0.327919 0.887110
vt 0.309364 0.925681
vt 0.290986 0.963933
vt 0.660430 0.318137
vt 0.643651 0.306783
vt 0.682691 0.291714
vt 0.663393 0.278773
vt 0.605243 0.290325
vt 0.625176 0.297557
vt 0.619191 0.260046
vt 0.642134 0.268270
vt 0.634605 0.226648
vt 0.651151 0.190822
vt 0.660865 0.235977
vt 0.680966 0.201345
vt 0.685195 0.247901
vt 0.708590 0.214800
vt 0.733656 0.231392
vt 0.707276 0.262600
vt 0.539062 0.279249
vt 0.543012 0.247480
vt 0.561949 0.281306
vt 0.569355 0.249808
vt 0.547429 0.212413
vt 0.552208 0.174779
vt 0.577568 0.215047
vt 0.586407 0.177746
vt 0.619510 0.183025
vt 0.606733 0.219732
vt 0.594840 0.253944
vt 0.584089 0.284953
vt 0.567660 0.053768
vt 0.572830 0.013161
vt 0.614839 0.057821
vt 0.624343 0.017580
vt 0.605226 0.098410
vt 0.562430 0.094727
vt 0.674253 0.025445
vt 0.704251 0.075692
vt 0.660541 0.065034
vt 0.721994 0.037068
vt 0.686308 0.114653
vt 0.646673 0.104966
vt 0.632910 0.144533
vt 0.668497 0.153261
vt 0.595688 0.138626
vt 0.557244 0.135307
vt 0.846556 0.097580
vt 0.818281 0.131185
vt 0.789687 0.165088
vt 0.783636 0.108483
vt 0.758279 0.144456
vt 0.808710 0.072825
vt 0.761303 0.198689
vt 0.733107 0.180106
vt 0.702034 0.165041
vt 0.723664 0.127730
vt 0.745454 0.090080
vt 0.767001 0.052757
vt -0.021353 0.586810
vt -0.027356 0.527261
vt -0.010489 0.645168
vt -0.060289 0.592940
vt -0.048634 0.655553
vt -0.066731 0.529048
vt 0.025042 0.755396
vt 0.005040 0.701606
vt -0.031973 0.716106
vt -0.010512 0.773819
vt -0.045319 0.791854
vt -0.103793 0.744243
vt -0.068207 0.730302
vt -0.079503 0.809567
vt -0.122652 0.675704
vt -0.085977 0.665720
vt -0.135844 0.604834
vt -0.105277 0.530798
vt -0.098407 0.598941
vt -0.143135 0.532517
vt 0.145914 0.929523
vt 0.109952 0.893602
vt 0.119174 0.960642
vt 0.080590 0.922102
vt 0.045976 0.877598
vt 0.077691 0.852123
vt 0.067285 1.021027
vt 0.051845 0.950003
vt 0.092995 0.991107
vt 0.023614 0.977405
vt -0.015565 0.927032
vt 0.014928 0.902538
vt -0.017533 0.849544
vt -0.050015 0.870791
vt 0.015540 0.827910
vt 0.049323 0.805811
vt -0.032745 1.137438
vt -0.059023 1.057615
vt -0.007972 1.108608
vt -0.086226 1.084019
vt -0.134204 1.022331
vt -0.104822 0.998729
vt -0.031717 1.031111
vt -0.075329 0.975038
vt 0.016895 1.079669
vt -0.145094 0.932985
vt -0.212503 0.878482
vt -0.179564 0.861415
vt -0.176392 0.953458
vt -0.113677 0.912434
vt -0.146501 0.844283
vt -0.113189 0.827022
vt -0.082023 0.891729
vt -0.045613 0.951169
vt 0.041950 1.050511
vt -0.004206 1.004408
vt -0.281499 0.627765
vt -0.253949 0.537548
vt -0.245426 0.622086
vt -0.290428 0.539204
vt -0.217333 0.535886
vt -0.209217 0.616385
vt -0.230005 0.704932
vt -0.194532 0.695274
vt -0.265344 0.714553
vt -0.172735 0.610642
vt -0.180441 0.534211
vt -0.158792 0.685544
vt -0.138861 0.757982
vt -0.173540 0.771568
vt -0.242250 0.798486
vt -0.207960 0.785053
vt 0.575068 1.018143
vt 0.523237 1.024327
vt 0.626347 1.008717
vt 0.579724 1.055724
vt 0.634778 1.045611
vt 0.524082 1.062359
vt 0.676500 0.995875
vt 0.724956 0.979445
vt 0.688628 1.031832
vt 0.740658 1.014204
vt 0.712048 1.101606
vt 0.755981 1.048232
vt 0.770988 1.081652
vt 0.700460 1.067034
vt 0.651049 1.117201
vt 0.643000 1.081729
vt 0.588693 1.128648
vt 0.524893 1.099591
vt 0.584258 1.092515
vt 0.525677 1.136158
vt 0.890351 0.874363
vt 0.854412 0.906884
vt 0.879670 0.936352
vt 0.918262 0.901460
vt 0.836795 0.966650
vt 0.814484 0.935122
vt 0.945504 0.927988
vt 0.928472 0.993534
vt 0.904323 0.965201
vt 0.972189 0.954041
vt 0.879900 1.027827
vt 0.858571 0.997514
vt 0.827172 1.057129
vt 0.808904 1.025125
vt 0.790252 0.992538
vt 0.771141 0.959251
vt 1.050017 1.030302
vt 1.022036 1.103770
vt 0.998898 1.076470
vt 1.075588 1.055407
vt 0.962537 1.145766
vt 0.942101 1.116557
vt 0.975658 1.049065
vt 0.921575 1.087238
vt 1.024334 1.005103
vt 0.897947 1.181650
vt 0.829124 1.211680
vt 0.880445 1.150811
vt 0.814748 1.179478
vt 0.862866 1.119856
vt 0.800309 1.147153
vt 0.785743 1.114585
vt 0.845134 1.088668
vt 0.900871 1.057698
vt 0.998429 0.979715
vt 0.952216 1.021455
vt 0.605825 1.269232
vt 0.527913 1.243194
vt 0.601593 1.234415
vt 0.528640 1.278429
vt 0.527181 1.207826
vt 0.597340 1.199467
vt 0.666766 1.186724
vt 0.674504 1.221034
vt 0.682206 1.255214
vt 0.593046 1.164255
vt 0.526437 1.172192
vt 0.658960 1.152157
vt 0.723439 1.135674
vt 0.734682 1.169365
vt 0.756924 1.236116
vt 0.745828 1.202803
vt 1.025812 0.493483
vt 1.025900 0.437872
vt 1.022331 0.382388
vt 1.063766 0.433142
vt 1.059937 0.373612
vt 1.063672 0.492807
vt 1.014856 0.327832
vt 1.003225 0.275006
vt 1.051914 0.315078
vt 1.039430 0.258400
vt 1.123548 0.290330
vt 1.074777 0.242143
vt 1.109411 0.226177
vt 1.088096 0.302592
vt 1.096654 0.365021
vt 1.132632 0.356583
vt 1.100639 0.492146
vt 1.100739 0.428511
vt 1.136861 0.491497
vt 1.136967 0.423963
vt 0.940896 0.134918
vt 0.910142 0.097025
vt 0.972516 0.108098
vt 0.939496 0.067442
vt 1.000000 0.154050
vt 0.966495 0.177747
vt 1.033627 0.056054
vt 0.968150 0.038480
vt 0.996223 0.010036
vt 1.003385 0.081841
vt 1.064756 0.108066
vt 1.032709 0.130850
vt 1.056411 0.184590
vt 1.089916 0.165098
vt 1.022214 0.204437
vt 0.987188 0.224710
vt 1.150837 -0.044277
vt 1.078112 -0.073222
vt 1.105021 -0.100630
vt 1.121848 -0.019429
vt 1.188967 0.019417
vt 1.158246 0.041372
vt 1.092733 0.005513
vt 1.127392 0.063409
vt 1.051088 -0.045711
vt 1.210457 0.179442
vt 1.187663 0.108041
vt 1.243663 0.164057
vt 1.219784 0.089259
vt 1.155403 0.126895
vt 1.177108 0.194885
vt 1.143474 0.210443
vt 1.122867 0.145890
vt 1.096272 0.085613
vt 1.063368 0.030643
vt 1.023830 -0.017993
vt 1.242549 0.489596
vt 1.242674 0.410651
vt 1.277282 0.488971
vt 1.277413 0.406268
vt 1.207786 0.415050
vt 1.207667 0.490224
vt 1.202959 0.340046
vt 1.237605 0.331884
vt 1.272103 0.323754
vt 1.172487 0.490857
vt 1.172600 0.419482
vt 1.168018 0.348268
vt 1.158416 0.278246
vt 1.192847 0.266296
vt 1.260978 0.242620
vt 1.226985 0.254435
vt 0.520994 -0.027751
vt 0.463652 -0.026083
vt 0.406532 -0.020972
vt 0.460128 -0.064643
vt 0.398825 -0.059159
vt 0.521676 -0.066432
vt 0.350358 -0.012031
vt 0.295856 0.001129
vt 0.338542 -0.049566
vt 0.280058 -0.035447
vt 0.264589 -0.071254
vt 0.315604 -0.122402
vt 0.326971 -0.086313
vt 0.249396 -0.106421
vt 0.383851 -0.133260
vt 0.391273 -0.096544
vt 0.456668 -0.102392
vt 0.522953 -0.141493
vt 0.522327 -0.104301
vt 0.453260 -0.139467
vt 0.149629 0.069803
vt 0.109063 0.103720
vt 0.123160 0.038235
vt 0.079636 0.074625
vt 0.194767 0.041658
vt 0.171590 0.008037
vt 0.071797 -0.023023
vt 0.050827 0.046141
vt 0.022534 0.018166
vt 0.097247 0.007330
vt 0.148899 -0.024877
vt 0.126615 -0.057202
vt 0.204956 -0.050924
vt 0.186107 -0.084845
vt 0.224148 -0.016385
vt 0.243751 0.018896
vt -0.027220 -0.141114
vt -0.060285 -0.063719
vt -0.087548 -0.090674
vt -0.002697 -0.111868
vt 0.061384 -0.151824
vt 0.039910 -0.182971
vt 0.021918 -0.082511
vt 0.082938 -0.120558
vt -0.032920 -0.036662
vt 0.130930 -0.184137
vt 0.190274 -0.243245
vt 0.204917 -0.209359
vt 0.112767 -0.216822
vt 0.149163 -0.151328
vt 0.219615 -0.175345
vt 0.234423 -0.141075
vt 0.167532 -0.118272
vt 0.104655 -0.089057
vt 0.046719 -0.052932
vt -0.005347 -0.009400
vt 0.443249 -0.247989
vt 0.525305 -0.286194
vt 0.524729 -0.250357
vt 0.439947 -0.283713
vt 0.446561 -0.212130
vt 0.524149 -0.214385
vt 0.362102 -0.240734
vt 0.369292 -0.205222
vt 0.354939 -0.276113
vt 0.523558 -0.178142
vt 0.449895 -0.176001
vt 0.376533 -0.169442
vt 0.304399 -0.157966
vt 0.293317 -0.193135
vt 0.271356 -0.262816
vt 0.282316 -0.228041
vt 0.073794 0.143796
vt 0.043790 0.189205
vt 0.009603 0.166343
vt 0.041795 0.117623
vt -0.000542 0.292706
vt 0.019022 0.239117
vt -0.037961 0.277391
vt -0.016971 0.219895
vt -0.110571 0.247672
vt -0.086813 0.182594
vt -0.052207 0.201076
vt -0.074594 0.262397
vt -0.023865 0.143961
vt -0.056735 0.121980
vt 0.010468 0.092000
vt -0.020298 0.066836
vt -0.028308 0.467247
vt -0.067751 0.464659
vt -0.024176 0.407599
vt -0.063318 0.400661
vt -0.106366 0.462125
vt -0.144290 0.459637
vt -0.101638 0.393869
vt -0.139273 0.387199
vt -0.128045 0.316209
vt -0.091059 0.326977
vt -0.053399 0.337942
vt -0.014931 0.349142
vt -0.255300 0.452352
vt -0.291843 0.449955
vt -0.249435 0.367674
vt -0.285698 0.361246
vt -0.213034 0.374125
vt -0.218619 0.454759
vt -0.271949 0.274311
vt -0.215883 0.204569
vt -0.236310 0.284688
vt -0.250550 0.190381
vt -0.181085 0.218812
vt -0.200536 0.295103
vt -0.164493 0.305597
vt -0.146025 0.233162
vt -0.176359 0.380626
vt -0.181662 0.457185
vt -0.110355 -0.006825
vt -0.140000 -0.031073
vt -0.080597 0.017515
vt -0.152949 0.057638
vt -0.121157 0.078898
vt -0.184621 0.036457
vt -0.050616 0.042038
vt -0.089125 0.100319
vt -0.120915 0.164381
vt -0.154639 0.146370
vt -0.221456 0.110685
vt -0.188110 0.128494
vt 0.921731 0.837387
vt 0.948694 0.796427
vt 0.980901 0.817841
vt 0.951953 0.861788
vt 0.989950 0.704447
vt 0.971386 0.751956
vt 1.025186 0.719155
vt 1.005260 0.770128
vt 1.038329 0.787917
vt 1.059586 0.733553
vt 1.093290 0.747694
vt 1.070725 0.805389
vt 1.012340 0.838805
vt 1.043139 0.859394
vt 0.981454 0.885676
vt 1.010352 0.909136
vt 1.022317 0.548418
vt 1.059922 0.551748
vt 1.052362 0.609458
vt 1.015271 0.602206
vt 1.132617 0.558211
vt 1.096639 0.555009
vt 1.124058 0.623531
vt 1.088575 0.616558
vt 1.111008 0.686883
vt 1.076280 0.676253
vt 1.040835 0.665429
vt 1.004530 0.654373
vt 1.272085 0.570669
vt 1.237588 0.567584
vt 1.261603 0.650661
vt 1.227582 0.643942
vt 1.202943 0.564487
vt 1.193415 0.637197
vt 1.191611 0.789086
vt 1.245621 0.728242
vt 1.223920 0.802712
vt 1.212326 0.717999
vt 1.159163 0.775409
vt 1.178888 0.707718
vt 1.145163 0.697358
vt 1.126435 0.761629
vt 1.158956 0.630402
vt 1.168001 0.561366
vt 1.094640 0.977810
vt 1.122335 1.000416
vt 1.066825 0.955118
vt 1.132976 0.919662
vt 1.103329 0.899748
vt 1.162495 0.939501
vt 1.038769 0.932255
vt 1.073426 0.879683
vt 1.102585 0.822606
vt 1.134042 0.839632
vt 1.165230 0.856531
vt 1.196284 0.873366
vt 0.185382 0.959155
vt 0.227921 0.982903
vt 0.207161 1.017914
vt 0.161520 0.992435
vt 0.320469 1.014351
vt 0.273095 1.001167
vt 0.306465 1.051655
vt 0.255632 1.037510
vt 0.238535 1.073089
vt 0.279286 1.124043
vt 0.221743 1.108032
vt 0.292754 1.088176
vt 0.186838 1.052189
vt 0.166877 1.085852
vt 0.115216 1.057013
vt 0.138159 1.025015
vt 0.471425 1.027442
vt 0.468469 1.065701
vt 0.420070 1.027086
vt 0.413350 1.065319
vt 0.462701 1.139941
vt 0.465563 1.103156
vt 0.406765 1.102749
vt 0.400292 1.139509
vt 0.338978 1.134372
vt 0.348996 1.097908
vt 0.359193 1.060781
vt 0.369605 1.022856
vt 0.451507 1.283062
vt 0.454284 1.247616
vt 0.381321 1.247111
vt 0.375072 1.282532
vt 0.387592 1.211556
vt 0.457070 1.212037
vt 0.239857 1.229032
vt 0.299980 1.276242
vt 0.226877 1.263592
vt 0.309640 1.241106
vt 0.252886 1.194340
vt 0.319336 1.205838
vt 0.329103 1.170304
vt 0.266013 1.159387
vt 0.393909 1.175733
vt 0.459872 1.176190
vt 0.025951 1.181507
vt 0.048058 1.150675
vt 0.070249 1.119726
vt 0.108450 1.184387
vt 0.127756 1.151828
vt 0.089217 1.216823
vt 0.092607 1.088544
vt 0.147208 1.119024
vt 0.205196 1.142466
vt 0.188831 1.176518
vt 0.172589 1.210315
vt 0.156407 1.243986
vt 0.873983 0.064870
vt 0.833032 0.038116
vt 0.856695 0.004237
vt 0.900669 0.032941
vt 0.739202 -0.000528
vt 0.787900 0.016428
vt 0.755943 -0.037225
vt 0.808233 -0.019032
vt 0.828081 -0.053747
vt 0.772283 -0.073150
vt 0.788289 -0.108433
vt 0.847524 -0.087841
vt 0.879794 -0.028930
vt 0.902424 -0.061504
vt 0.952239 -0.029014
vt 0.926719 0.001684
vt 0.577833 -0.026365
vt 0.582690 -0.064946
vt 0.633555 -0.021590
vt 0.642512 -0.059822
vt 0.587422 -0.102715
vt 0.592050 -0.139810
vt 0.651249 -0.097251
vt 0.659804 -0.134010
vt 0.725466 -0.123687
vt 0.713104 -0.087524
vt 0.700482 -0.050702
vt 0.687549 -0.013089
vt 0.605517 -0.248390
vt 0.609937 -0.284133
vt 0.684737 -0.241610
vt 0.692926 -0.277031
vt 0.676511 -0.206056
vt 0.601077 -0.212512
vt 0.773356 -0.264389
vt 0.834972 -0.211712
vt 0.761514 -0.229543
vt 0.850310 -0.245709
vt 0.819567 -0.177585
vt 0.749619 -0.194565
vt 0.737620 -0.159324
vt 0.804028 -0.143202
vt 0.668212 -0.170234
vt 0.596594 -0.176363
vt 1.051143 -0.148451
vt 1.026682 -0.118871
vt 1.002115 -0.089180
vt 0.968431 -0.156852
vt 0.946648 -0.125346
vt 0.990120 -0.188239
vt 0.977336 -0.059264
vt 0.924677 -0.093603
vt 0.866644 -0.121439
vt 0.885521 -0.154664
vt 0.904236 -0.187640
vt 0.922870 -0.220492
s 1
f 917/1/1 3/2/2 466/3/3
f 3/2/2 914/4/4 466/3/3
f 914/4/4 915/5/5 466/3/3
f 915/5/5 914/4/4 234/6/6
f 466/3/3 122/7/7 916/8/8
f 122/7/7 466/3/3 915/5/5
f 917/1/1 916/8/8 237/9/9
f 916/8/8 917/1/1 466/3/3
f 920/10/10 918/11/11 467/12/12
f 918/11/11 920/10/10 62/13/13
f 467/12/12 235/14/14 919/15/15
f 235/14/14 467/12/12 918/11/11
f 915/5/5 919/15/15 122/7/7
f 919/15/15 915/5/5 467/12/12
f 915/5/5 234/6/6 467/12/12
f 234/6/6 920/10/10 467/12/12
f 468/16/16 34/17/17 921/18/18
f 34/17/17 468/16/16 923/19/19
f 922/20/20 921/18/18 236/21/21
f 921/18/18 922/20/20 468/16/16
f 922/20/20 122/7/7 468/16/16
f 122/7/7 919/15/15 468/16/16
f 919/15/15 923/19/19 468/16/16
f 923/19/19 919/15/15 235/14/14
f 924/22/22 925/23/23 81/24/24
f 925/23/23 924/22/22 469/25/25
f 924/22/22 237/9/9 469/25/25
f 237/9/9 916/8/8 469/25/25
f 916/8/8 922/20/20 469/25/25
f 922/20/20 916/8/8 122/7/7
f 469/25/25 236/21/21 925/23/23
f 236/21/21 469/25/25 922/20/20
f 929/26/26 926/27/27 470/28/28
f 926/27/27 929/26/26 9/29/29
f 470/28/28 238/30/30 927/31/31
f 238/30/30 470/28/28 926/27/27
f 928/32/32 927/31/31 123/33/33
f 927/31/31 928/32/32 470/28/28
f 928/32/32 240/34/34 470/28/28
f 240/34/34 929/26/26 470/28/28
f 471/35/35 78/36/36 930/37/37
f 78/36/36 471/35/35 932/38/38
f 931/39/39 930/37/37 239/40/40
f 930/37/37 931/39/39 471/35/35
f 931/39/39 123/33/33 471/35/35
f 123/33/33 927/31/31 471/35/35
f 927/31/31 932/38/38 471/35/35
f 932/38/38 927/31/31 238/30/30
f 923/19/19 934/41/41 34/17/17
f 934/41/41 923/19/19 472/42/42
f 923/19/19 235/14/14 472/42/42
f 235/14/14 933/43/43 472/42/42
f 933/43/43 931/39/39 472/42/42
f 931/39/39 933/43/43 123/33/33
f 472/42/42 239/40/40 934/41/41
f 239/40/40 472/42/42 931/39/39
f 918/11/11 62/13/13 473/44/44
f 62/13/13 935/45/45 473/44/44
f 935/45/45 928/32/32 473/44/44
f 928/32/32 935/45/45 240/34/34
f 473/44/44 123/33/33 933/43/43
f 123/33/33 473/44/44 928/32/32
f 918/11/11 933/43/43 235/14/14
f 933/43/43 918/11/11 473/44/44
f 936/46/46 939/47/47 17/48/48
f 939/47/47 936/46/46 474/49/49
f 937/50/50 474/49/49 241/51/51
f 241/51/51 474/49/49 936/46/46
f 937/50/50 938/52/52 474/49/49
f 938/52/52 937/50/50 124/53/53
f 474/49/49 938/52/52 243/54/54
f 474/49/49 243/54/54 939/47/47
f 940/55/55 475/56/56 86/57/57
f 86/57/57 475/56/56 942/58/58
f 940/55/55 242/59/59 475/56/56
f 242/59/59 941/60/60 475/56/56
f 475/56/56 941/60/60 124/53/53
f 475/56/56 124/53/53 937/50/50
f 942/58/58 937/50/50 241/51/51
f 937/50/50 942/58/58 475/56/56
f 944/61/61 34/17/17 476/62/62
f 34/17/17 934/41/41 476/62/62
f 934/41/41 943/63/63 476/62/62
f 943/63/63 934/41/41 239/40/40
f 476/62/62 124/53/53 941/60/60
f 124/53/53 476/62/62 943/63/63
f 944/61/61 941/60/60 242/59/59
f 941/60/60 944/61/61 476/62/62
f 930/37/37 945/64/64 477/65/65
f 945/64/64 930/37/37 78/36/36
f 938/52/52 945/64/64 243/54/54
f 945/64/64 938/52/52 477/65/65
f 943/63/63 938/52/52 124/53/53
f 938/52/52 943/63/63 477/65/65
f 943/63/63 239/40/40 477/65/65
f 239/40/40 930/37/37 477/65/65
f 946/66/66 478/67/67 13/68/68
f 13/68/68 478/67/67 949/69/69
f 946/66/66 947/70/70 478/67/67
f 947/70/70 946/66/66 244/71/71
f 478/67/67 947/70/70 125/72/72
f 478/67/67 125/72/72 948/73/73
f 949/69/69 948/73/73 245/74/74
f 948/73/73 949/69/69 478/67/67
f 951/75/75 81/24/24 479/76/76
f 81/24/24 925/23/23 479/76/76
f 925/23/23 950/77/77 479/76/76
f 950/77/77 925/23/23 236/21/21
f 479/76/76 125/72/72 947/70/70
f 125/72/72 479/76/76 950/77/77
f 951/75/75 947/70/70 244/71/71
f 947/70/70 951/75/75 479/76/76
f 921/18/18 944/61/61 480/78/78
f 944/61/61 921/18/18 34/17/17
f 480/78/78 242/59/59 952/79/79
f 242/59/59 480/78/78 944/61/61
f 950/77/77 952/79/79 125/72/72
f 952/79/79 950/77/77 480/78/78
f 950/77/77 236/21/21 480/78/78
f 236/21/21 921/18/18 480/78/78
f 953/80/80 940/55/55 86/57/57
f 940/55/55 953/80/80 481/81/81
f 948/73/73 481/81/81 245/74/74
f 245/74/74 481/81/81 953/80/80
f 948/73/73 952/79/79 481/81/81
f 952/79/79 948/73/73 125/72/72
f 952/79/79 940/55/55 481/81/81
f 940/55/55 952/79/79 242/59/59
f 482/82/82 957/83/83 1/84/84
f 482/82/82 1/84/84 954/85/85
f 482/82/82 246/86/86 955/87/87
f 246/86/86 482/82/82 954/85/85
f 956/88/88 955/87/87 126/89/89
f 955/87/87 956/88/88 482/82/82
f 956/88/88 249/90/90 482/82/82
f 249/90/90 957/83/83 482/82/82
f 483/91/91 74/92/92 958/93/93
f 74/92/92 483/91/91 960/94/94
f 959/95/95 958/93/93 247/96/96
f 958/93/93 959/95/95 483/91/91
f 959/95/95 126/89/89 483/91/91
f 126/89/89 955/87/87 483/91/91
f 955/87/87 960/94/94 483/91/91
f 960/94/94 955/87/87 246/86/86
f 961/97/97 963/98/98 35/99/99
f 963/98/98 961/97/97 484/100/100
f 961/97/97 248/101/101 484/100/100
f 248/101/101 962/102/102 484/100/100
f 962/102/102 959/95/95 484/100/100
f 959/95/95 962/102/102 126/89/89
f 484/100/100 247/96/96 963/98/98
f 247/96/96 484/100/100 959/95/95
f 965/103/103 66/104/104 485/105/105
f 66/104/104 964/106/106 485/105/105
f 964/106/106 956/88/88 485/105/105
f 956/88/88 964/106/106 249/90/90
f 485/105/105 126/89/89 962/102/102
f 126/89/89 485/105/105 956/88/88
f 965/103/103 962/102/102 248/101/101
f 962/102/102 965/103/103 485/105/105
f 966/107/107 486/108/108 9/29/29
f 9/29/29 486/108/108 969/109/109
f 966/107/107 967/110/110 486/108/108
f 967/110/110 966/107/107 250/111/111
f 486/108/108 967/110/110 127/112/112
f 486/108/108 127/112/112 968/113/113
f 969/109/109 968/113/113 252/114/114
f 968/113/113 969/109/109 486/108/108
f 972/115/115 79/116/116 487/117/117
f 79/116/116 970/118/118 487/117/117
f 487/117/117 970/118/118 251/119/119
f 487/117/117 251/119/119 971/120/120
f 967/110/110 971/120/120 127/112/112
f 971/120/120 967/110/110 487/117/117
f 972/115/115 967/110/110 250/111/111
f 967/110/110 972/115/115 487/117/117
f 974/121/121 35/99/99 488/122/122
f 35/99/99 963/98/98 488/122/122
f 963/98/98 973/123/123 488/122/122
f 973/123/123 963/98/98 247/96/96
f 488/122/122 127/112/112 971/120/120
f 127/112/112 488/122/122 973/123/123
f 974/121/121 971/120/120 251/119/119
f 971/120/120 974/121/121 488/122/122
f 958/93/93 975/124/124 489/125/125
f 975/124/124 958/93/93 74/92/92
f 489/125/125 252/114/114 968/113/113
f 252/114/114 489/125/125 975/124/124
f 973/123/123 968/113/113 127/112/112
f 968/113/113 973/123/123 489/125/125
f 973/123/123 247/96/96 489/125/125
f 247/96/96 958/93/93 489/125/125
f 979/126/126 11/127/127 490/128/128
f 11/127/127 976/129/129 490/128/128
f 976/129/129 977/130/130 490/128/128
f 977/130/130 976/129/129 253/131/131
f 490/128/128 128/132/132 978/133/133
f 128/132/132 490/128/128 977/130/130
f 979/126/126 978/133/133 255/134/134
f 978/133/133 979/126/126 490/128/128
f 982/135/135 980/136/136 491/137/137
f 980/136/136 982/135/135 76/138/138
f 254/139/139 491/137/137 980/136/136
f 491/137/137 254/139/139 981/140/140
f 977/130/130 981/140/140 128/132/132
f 981/140/140 977/130/130 491/137/137
f 982/135/135 491/137/137 253/131/131
f 253/131/131 491/137/137 977/130/130
f 35/99/99 492/141/141 984/142/142
f 492/141/141 35/99/99 974/121/121
f 983/143/143 974/121/121 251/119/119
f 974/121/121 983/143/143 492/141/141
f 981/140/140 492/141/141 128/132/132
f 128/132/132 492/141/141 983/143/143
f 981/140/140 984/142/142 492/141/141
f 984/142/142 981/140/140 254/139/139
f 985/144/144 970/118/118 79/116/116
f 970/118/118 985/144/144 493/145/145
f 985/144/144 255/134/134 493/145/145
f 255/134/134 978/133/133 493/145/145
f 978/133/133 983/143/143 493/145/145
f 983/143/143 978/133/133 128/132/132
f 493/145/145 251/119/119 970/118/118
f 251/119/119 493/145/145 983/143/143
f 5/146/146 986/147/147 494/148/148
f 5/146/146 494/148/148 989/149/149
f 986/147/147 987/150/150 494/148/148
f 987/150/150 986/147/147 256/151/151
f 494/148/148 129/152/152 988/153/153
f 129/152/152 494/148/148 987/150/150
f 989/149/149 988/153/153 257/154/154
f 988/153/153 989/149/149 494/148/148
f 991/155/155 965/103/103 495/156/156
f 965/103/103 991/155/155 66/104/104
f 495/156/156 248/101/101 990/157/157
f 248/101/101 495/156/156 965/103/103
f 987/150/150 990/157/157 129/152/152
f 990/157/157 987/150/150 495/156/156
f 987/150/150 256/151/151 495/156/156
f 256/151/151 991/155/155 495/156/156
f 496/158/158 35/99/99 984/142/142
f 35/99/99 496/158/158 961/97/97
f 992/159/159 496/158/158 254/139/139
f 254/139/139 496/158/158 984/142/142
f 992/159/159 129/152/152 496/158/158
f 129/152/152 990/157/157 496/158/158
f 990/157/157 961/97/97 496/158/158
f 961/97/97 990/157/157 248/101/101
f 993/160/160 497/161/161 76/138/138
f 76/138/138 497/161/161 980/136/136
f 993/160/160 988/153/153 497/161/161
f 988/153/153 993/160/160 257/154/154
f 497/161/161 988/153/153 129/152/152
f 497/161/161 129/152/152 992/159/159
f 980/136/136 992/159/159 254/139/139
f 992/159/159 980/136/136 497/161/161
f 3/2/2 917/1/1 498/162/162
f 3/2/2 498/162/162 996/163/163
f 237/9/9 498/162/162 917/1/1
f 498/162/162 237/9/9 994/164/164
f 498/162/162 130/165/165 995/166/166
f 130/165/165 498/162/162 994/164/164
f 996/163/163 995/166/166 260/167/167
f 995/166/166 996/163/163 498/162/162
f 499/168/168 81/24/24 997/169/169
f 81/24/24 499/168/168 924/22/22
f 499/168/168 258/170/170 998/171/171
f 258/170/170 499/168/168 997/169/169
f 994/164/164 998/171/171 130/165/165
f 998/171/171 994/164/164 499/168/168
f 994/164/164 924/22/22 499/168/168
f 924/22/22 994/164/164 237/9/9
f 500/172/172 36/173/173 999/174/174
f 36/173/173 500/172/172 1001/175/175
f 1000/176/176 999/174/174 259/177/177
f 999/174/174 1000/176/176 500/172/172
f 1000/176/176 130/165/165 500/172/172
f 130/165/165 998/171/171 500/172/172
f 998/171/171 1001/175/175 500/172/172
f 1001/175/175 998/171/171 258/170/170
f 1002/178/178 1003/179/179 68/180/180
f 1003/179/179 1002/178/178 501/181/181
f 260/167/167 995/166/166 501/181/181
f 260/167/167 501/181/181 1002/178/178
f 995/166/166 1000/176/176 501/181/181
f 1000/176/176 995/166/166 130/165/165
f 501/181/181 259/177/177 1003/179/179
f 259/177/177 501/181/181 1000/176/176
f 1004/182/182 946/66/66 13/68/68
f 946/66/66 1004/182/182 502/183/183
f 1005/184/184 502/183/183 261/185/185
f 261/185/185 502/183/183 1004/182/182
f 1005/184/184 1006/186/186 502/183/183
f 1006/186/186 1005/184/184 131/187/187
f 502/183/183 1006/186/186 244/71/71
f 502/183/183 244/71/71 946/66/66
f 1007/188/188 503/189/189 87/190/190
f 87/190/190 503/189/189 1009/191/191
f 1007/188/188 1008/192/192 503/189/189
f 1008/192/192 1007/188/188 262/193/193
f 503/189/189 1008/192/192 131/187/187
f 503/189/189 131/187/187 1005/184/184
f 1009/191/191 1005/184/184 261/185/185
f 1005/184/184 1009/191/191 503/189/189
f 1001/175/175 1011/194/194 36/173/173
f 1011/194/194 1001/175/175 504/195/195
f 504/195/195 1001/175/175 258/170/170
f 258/170/170 1010/196/196 504/195/195
f 1008/192/192 1010/196/196 131/187/187
f 1010/196/196 1008/192/192 504/195/195
f 504/195/195 262/193/193 1011/194/194
f 262/193/193 504/195/195 1008/192/192
f 997/169/169 951/75/75 505/197/197
f 951/75/75 997/169/169 81/24/24
f 1006/186/186 951/75/75 244/71/71
f 951/75/75 1006/186/186 505/197/197
f 505/197/197 131/187/187 1010/196/196
f 131/187/187 505/197/197 1006/186/186
f 997/169/169 1010/196/196 258/170/170
f 1010/196/196 997/169/169 505/197/197
f 1012/198/198 506/199/199 15/200/200
f 15/200/200 506/199/199 1015/201/201
f 1012/198/198 1013/202/202 506/199/199
f 1013/202/202 1012/198/198 263/203/203
f 506/199/199 1013/202/202 132/204/204
f 506/199/199 132/204/204 1014/205/205
f 1015/201/201 1014/205/205 265/206/206
f 1014/205/205 1015/201/201 506/199/199
f 1016/207/207 1018/208/208 83/209/209
f 1018/208/208 1016/207/207 507/210/210
f 1016/207/207 264/211/211 507/210/210
f 264/211/211 1017/212/212 507/210/210
f 1017/212/212 1013/202/202 507/210/210
f 1013/202/202 1017/212/212 132/204/204
f 507/210/210 263/203/203 1018/208/208
f 263/203/203 507/210/210 1013/202/202
f 1020/213/213 36/173/173 508/214/214
f 36/173/173 1011/194/194 508/214/214
f 1011/194/194 1019/215/215 508/214/214
f 1019/215/215 1011/194/194 262/193/193
f 508/214/214 132/204/204 1017/212/212
f 132/204/204 508/214/214 1019/215/215
f 1020/213/213 1017/212/212 264/211/211
f 1017/212/212 1020/213/213 508/214/214
f 1021/216/216 1007/188/188 87/190/190
f 1007/188/188 1021/216/216 509/217/217
f 1014/205/205 509/217/217 265/206/206
f 265/206/206 509/217/217 1021/216/216
f 1014/205/205 1019/215/215 509/217/217
f 1019/215/215 1014/205/205 132/204/204
f 509/217/217 1019/215/215 262/193/193
f 509/217/217 262/193/193 1007/188/188
f 1022/218/218 1025/219/219 7/220/220
f 1025/219/219 1022/218/218 510/221/221
f 1023/222/222 510/221/221 266/223/223
f 1022/218/218 266/223/223 510/221/221
f 1023/222/222 1024/224/224 510/221/221
f 1024/224/224 1023/222/222 133/225/225
f 510/221/221 267/226/226 1025/219/219
f 267/226/226 510/221/221 1024/224/224
f 68/180/180 1003/179/179 511/227/227
f 68/180/180 511/227/227 1027/228/228
f 1003/179/179 1026/229/229 511/227/227
f 1026/229/229 1003/179/179 259/177/177
f 511/227/227 133/225/225 1023/222/222
f 133/225/225 511/227/227 1026/229/229
f 1027/228/228 1023/222/222 266/223/223
f 1023/222/222 1027/228/228 511/227/227
f 999/174/174 1020/213/213 512/230/230
f 1020/213/213 999/174/174 36/173/173
f 512/230/230 264/211/211 1028/231/231
f 264/211/211 512/230/230 1020/213/213
f 1026/229/229 1028/231/231 133/225/225
f 1028/231/231 1026/229/229 512/230/230
f 1026/229/229 259/177/177 512/230/230
f 259/177/177 999/174/174 512/230/230
f 513/232/232 83/209/209 1029/233/233
f 83/209/209 513/232/232 1016/207/207
f 1024/224/224 1029/233/233 267/226/226
f 1029/233/233 1024/224/224 513/232/232
f 1024/224/224 133/225/225 513/232/232
f 133/225/225 1028/231/231 513/232/232
f 1028/231/231 1016/207/207 513/232/232
f 1016/207/207 1028/231/231 264/211/211
f 1030/234/234 1033/235/235 4/236/236
f 1033/235/235 1030/234/234 514/237/237
f 1030/234/234 268/238/238 514/237/237
f 268/238/238 1031/239/239 514/237/237
f 1031/239/239 1032/240/240 514/237/237
f 1032/240/240 1031/239/239 134/241/241
f 271/242/242 514/237/237 1032/240/240
f 514/237/237 271/242/242 1033/235/235
f 1036/243/243 75/244/244 515/245/245
f 75/244/244 1034/246/246 515/245/245
f 1034/246/246 1035/247/247 515/245/245
f 1035/247/247 1034/246/246 269/248/248
f 515/245/245 134/241/241 1031/239/239
f 134/241/241 515/245/245 1035/247/247
f 1036/243/243 1031/239/239 268/238/238
f 1031/239/239 1036/243/243 515/245/245
f 37/249/249 516/250/250 1039/251/251
f 516/250/250 37/249/249 1037/252/252
f 1038/253/253 1037/252/252 270/254/254
f 1037/252/252 1038/253/253 516/250/250
f 1035/247/247 1038/253/253 134/241/241
f 1038/253/253 1035/247/247 516/250/250
f 1035/247/247 269/248/248 516/250/250
f 269/248/248 1039/251/251 516/250/250
f 1041/255/255 1040/256/256 517/257/257
f 1040/256/256 1041/255/255 69/258/258
f 517/257/257 271/242/242 1032/240/240
f 271/242/242 517/257/257 1040/256/256
f 1032/240/240 134/241/241 517/257/257
f 134/241/241 1038/253/253 517/257/257
f 517/257/257 1038/253/253 270/254/254
f 517/257/257 270/254/254 1041/255/255
f 518/259/259 1045/260/260 10/261/261
f 518/259/259 10/261/261 1042/262/262
f 1043/263/263 1042/262/262 272/264/264
f 1042/262/262 1043/263/263 518/259/259
f 518/259/259 135/265/265 1044/266/266
f 135/265/265 518/259/259 1043/263/263
f 1044/266/266 1045/260/260 518/259/259
f 1045/260/260 1044/266/266 274/267/267
f 1046/268/268 1048/269/269 80/270/270
f 1048/269/269 1046/268/268 519/271/271
f 519/271/271 273/272/272 1047/273/273
f 273/272/272 519/271/271 1046/268/268
f 1047/273/273 1043/263/263 519/271/271
f 1043/263/263 1047/273/273 135/265/265
f 519/271/271 1043/263/263 272/264/264
f 519/271/271 272/264/264 1048/269/269
f 520/274/274 37/249/249 1039/251/251
f 37/249/249 520/274/274 1050/275/275
f 1049/276/276 1039/251/251 269/248/248
f 1039/251/251 1049/276/276 520/274/274
f 1049/276/276 135/265/265 520/274/274
f 135/265/265 1047/273/273 520/274/274
f 1047/273/273 1050/275/275 520/274/274
f 1050/275/275 1047/273/273 273/272/272
f 1051/277/277 1034/246/246 75/244/244
f 1034/246/246 1051/277/277 521/278/278
f 521/278/278 1051/277/277 274/267/267
f 274/267/267 1044/266/266 521/278/278
f 1044/266/266 1049/276/276 521/278/278
f 1049/276/276 1044/266/266 135/265/265
f 521/278/278 269/248/248 1034/246/246
f 269/248/248 521/278/278 1049/276/276
f 1052/279/279 1055/280/280 12/281/281
f 1055/280/280 1052/279/279 522/282/282
f 522/282/282 275/283/283 1053/284/284
f 275/283/283 522/282/282 1052/279/279
f 1053/284/284 1054/285/285 522/282/282
f 1054/285/285 1053/284/284 136/286/286
f 522/282/282 1054/285/285 277/287/287
f 522/282/282 277/287/287 1055/280/280
f 1056/288/288 1058/289/289 77/290/290
f 1058/289/289 1056/288/288 523/291/291
f 1057/292/292 523/291/291 276/293/293
f 276/293/293 523/291/291 1056/288/288
f 1057/292/292 1053/284/284 523/291/291
f 1053/284/284 1057/292/292 136/286/286
f 275/283/283 523/291/291 1053/284/284
f 523/291/291 275/283/283 1058/289/289
f 1050/275/275 524/294/294 37/249/249
f 37/249/249 524/294/294 1060/295/295
f 1050/275/275 1059/296/296 524/294/294
f 1059/296/296 1050/275/275 273/272/272
f 136/286/286 524/294/294 1059/296/296
f 524/294/294 136/286/286 1057/292/292
f 1060/295/295 1057/292/292 276/293/293
f 1057/292/292 1060/295/295 524/294/294
f 525/297/297 1046/268/268 80/270/270
f 525/297/297 80/270/270 1061/298/298
f 1054/285/285 1061/298/298 277/287/287
f 1061/298/298 1054/285/285 525/297/297
f 525/297/297 136/286/286 1059/296/296
f 136/286/286 525/297/297 1054/285/285
f 1059/296/296 1046/268/268 525/297/297
f 1046/268/268 1059/296/296 273/272/272
f 8/299/299 526/300/300 1065/301/301
f 526/300/300 8/299/299 1062/302/302
f 526/300/300 278/303/303 1063/304/304
f 278/303/303 526/300/300 1062/302/302
f 1064/305/305 1063/304/304 137/306/306
f 1063/304/304 1064/305/305 526/300/300
f 526/300/300 1064/305/305 279/307/307
f 279/307/307 1065/301/301 526/300/300
f 527/308/308 69/258/258 1041/255/255
f 69/258/258 527/308/308 1067/309/309
f 1066/310/310 1041/255/255 270/254/254
f 1041/255/255 1066/310/310 527/308/308
f 527/308/308 1066/310/310 137/306/306
f 137/306/306 1063/304/304 527/308/308
f 1063/304/304 1067/309/309 527/308/308
f 1067/309/309 1063/304/304 278/303/303
f 1037/252/252 1060/295/295 528/311/311
f 1060/295/295 1037/252/252 37/249/249
f 276/293/293 528/311/311 1060/295/295
f 528/311/311 276/293/293 1068/312/312
f 1066/310/310 1068/312/312 137/306/306
f 1068/312/312 1066/310/310 528/311/311
f 1037/252/252 528/311/311 270/254/254
f 270/254/254 528/311/311 1066/310/310
f 77/290/290 529/313/313 1056/288/288
f 529/313/313 77/290/290 1069/314/314
f 1064/305/305 1069/314/314 279/307/307
f 1069/314/314 1064/305/305 529/313/313
f 1068/312/312 529/313/313 137/306/306
f 137/306/306 529/313/313 1064/305/305
f 1068/312/312 1056/288/288 529/313/313
f 1056/288/288 1068/312/312 276/293/293
f 1070/315/315 1073/316/316 2/317/317
f 1073/316/316 1070/315/315 530/318/318
f 1071/319/319 530/318/318 280/320/320
f 280/320/320 530/318/318 1070/315/315
f 1071/319/319 1072/321/321 530/318/318
f 1072/321/321 1071/319/319 138/322/322
f 1072/321/321 283/323/323 530/318/318
f 283/323/323 1073/316/316 530/318/318
f 1074/324/324 531/325/325 82/326/326
f 1076/327/327 82/326/326 531/325/325
f 1074/324/324 1075/328/328 531/325/325
f 1075/328/328 1074/324/324 281/329/329
f 531/325/325 1075/328/328 138/322/322
f 531/325/325 138/322/322 1071/319/319
f 1076/327/327 1071/319/319 280/320/320
f 1071/319/319 1076/327/327 531/325/325
f 1079/330/330 38/331/331 532/332/332
f 38/331/331 1077/333/333 532/332/332
f 1077/333/333 1078/334/334 532/332/332
f 1078/334/334 1077/333/333 282/335/335
f 532/332/332 138/322/322 1075/328/328
f 138/322/322 532/332/332 1078/334/334
f 1079/330/330 1075/328/328 281/329/329
f 1075/328/328 1079/330/330 532/332/332
f 533/336/336 1081/337/337 67/338/338
f 67/338/338 1080/339/339 533/336/336
f 1080/339/339 1072/321/321 533/336/336
f 1072/321/321 1080/339/339 283/323/323
f 1078/334/334 533/336/336 138/322/322
f 138/322/322 533/336/336 1072/321/321
f 1078/334/334 282/335/335 533/336/336
f 282/335/335 1081/337/337 533/336/336
f 1085/340/340 14/341/341 534/342/342
f 14/341/341 1082/343/343 534/342/342
f 1082/343/343 1083/344/344 534/342/342
f 1083/344/344 1082/343/343 284/345/345
f 534/342/342 139/346/346 1084/347/347
f 139/346/346 534/342/342 1083/344/344
f 1085/340/340 1084/347/347 286/348/348
f 1084/347/347 1085/340/340 534/342/342
f 1088/349/349 1086/350/350 535/351/351
f 1086/350/350 1088/349/349 88/352/352
f 1086/350/350 1087/353/353 535/351/351
f 1087/353/353 1086/350/350 285/354/354
f 1083/344/344 1087/353/353 139/346/346
f 1087/353/353 1083/344/344 535/351/351
f 1083/344/344 284/345/345 535/351/351
f 284/345/345 1088/349/349 535/351/351
f 1090/355/355 1079/330/330 536/356/356
f 1079/330/330 1090/355/355 38/331/331
f 536/356/356 281/329/329 1089/357/357
f 281/329/329 536/356/356 1079/330/330
f 139/346/346 1087/353/353 536/356/356
f 139/346/346 536/356/356 1089/357/357
f 536/356/356 1087/353/353 285/354/354
f 285/354/354 1090/355/355 536/356/356
f 1091/358/358 1074/324/324 82/326/326
f 1074/324/324 1091/358/358 537/359/359
f 1091/358/358 286/348/348 537/359/359
f 286/348/348 1084/347/347 537/359/359
f 1084/347/347 1089/357/357 537/359/359
f 1089/357/357 1084/347/347 139/346/346
f 281/329/329 537/359/359 1089/357/357
f 537/359/359 281/329/329 1074/324/324
f 538/360/360 1095/361/361 16/362/362
f 538/360/360 16/362/362 1092/363/363
f 1092/363/363 1093/364/364 538/360/360
f 1093/364/364 1092/363/363 287/365/365
f 538/360/360 140/366/366 1094/367/367
f 140/366/366 538/360/360 1093/364/364
f 1094/367/367 1095/361/361 538/360/360
f 1095/361/361 1094/367/367 289/368/368
f 1098/369/369 1096/370/370 539/371/371
f 1096/370/370 1098/369/369 84/372/372
f 539/371/371 288/373/373 1097/374/374
f 288/373/373 539/371/371 1096/370/370
f 1093/364/364 1097/374/374 140/366/366
f 1097/374/374 1093/364/364 539/371/371
f 1093/364/364 287/365/365 539/371/371
f 287/365/365 1098/369/369 539/371/371
f 540/375/375 38/331/331 1090/355/355
f 38/331/331 540/375/375 1100/376/376
f 1099/377/377 1090/355/355 285/354/354
f 1090/355/355 1099/377/377 540/375/375
f 1099/377/377 140/366/366 540/375/375
f 140/366/366 1097/374/374 540/375/375
f 1097/374/374 1100/376/376 540/375/375
f 1100/376/376 1097/374/374 288/373/373
f 1086/350/350 1101/378/378 541/379/379
f 1101/378/378 1086/350/350 88/352/352
f 541/379/379 1101/378/378 289/368/368
f 541/379/379 289/368/368 1094/367/367
f 1094/367/367 1099/377/377 541/379/379
f 1099/377/377 1094/367/367 140/366/366
f 541/379/379 285/354/354 1086/350/350
f 285/354/354 541/379/379 1099/377/377
f 1105/380/380 1102/381/381 542/382/382
f 1102/381/381 1105/380/380 6/383/383
f 290/384/384 542/382/382 1102/381/381
f 542/382/382 290/384/384 1103/385/385
f 1104/386/386 1103/385/385 141/387/387
f 1103/385/385 1104/386/386 542/382/382
f 1105/380/380 542/382/382 291/388/388
f 1104/386/386 291/388/388 542/382/382
f 67/338/338 543/389/389 1107/390/390
f 543/389/389 67/338/338 1081/337/337
f 1106/391/391 1081/337/337 282/335/335
f 1081/337/337 1106/391/391 543/389/389
f 1106/391/391 141/387/387 543/389/389
f 141/387/387 1103/385/385 543/389/389
f 1103/385/385 1107/390/390 543/389/389
f 1107/390/390 1103/385/385 290/384/384
f 1100/376/376 1077/333/333 38/331/331
f 1077/333/333 1100/376/376 544/392/392
f 1100/376/376 288/373/373 544/392/392
f 288/373/373 1108/393/393 544/392/392
f 1108/393/393 1106/391/391 544/392/392
f 1106/391/391 1108/393/393 141/387/387
f 544/392/392 282/335/335 1077/333/333
f 282/335/335 544/392/392 1106/391/391
f 1096/370/370 84/372/372 545/394/394
f 84/372/372 1109/395/395 545/394/394
f 1109/395/395 1104/386/386 545/394/394
f 1104/386/386 1109/395/395 291/388/388
f 545/394/394 141/387/387 1108/393/393
f 141/387/387 545/394/394 1104/386/386
f 1096/370/370 1108/393/393 288/373/373
f 1108/393/393 1096/370/370 545/394/394
f 926/27/27 969/109/109 546/396/396
f 969/109/109 926/27/27 9/29/29
f 546/396/396 969/109/109 252/114/114
f 546/396/396 252/114/114 1110/397/397
f 1111/398/398 1110/397/397 142/399/399
f 1110/397/397 1111/398/398 546/396/396
f 926/27/27 546/396/396 238/30/30
f 238/30/30 546/396/396 1111/398/398
f 547/400/400 975/124/124 74/92/92
f 74/92/92 1112/401/401 547/400/400
f 1113/402/402 1112/401/401 292/403/403
f 1112/401/401 1113/402/402 547/400/400
f 1110/397/397 547/400/400 142/399/399
f 142/399/399 547/400/400 1113/402/402
f 1110/397/397 975/124/124 547/400/400
f 975/124/124 1110/397/397 252/114/114
f 1114/404/404 1116/405/405 39/406/406
f 1116/405/405 1114/404/404 548/407/407
f 1115/408/408 548/407/407 293/409/409
f 293/409/409 548/407/407 1114/404/404
f 1115/408/408 1113/402/402 548/407/407
f 1113/402/402 1115/408/408 142/399/399
f 548/407/407 1113/402/402 292/403/403
f 548/407/407 292/403/403 1116/405/405
f 932/38/38 549/410/410 78/36/36
f 78/36/36 549/410/410 1117/411/411
f 932/38/38 1111/398/398 549/410/410
f 1111/398/398 932/38/38 238/30/30
f 549/410/410 1111/398/398 142/399/399
f 549/410/410 142/399/399 1115/408/408
f 1117/411/411 1115/408/408 293/409/409
f 1115/408/408 1117/411/411 549/410/410
f 550/412/412 954/85/85 1/84/84
f 550/412/412 1/84/84 1118/413/413
f 1119/414/414 1118/413/413 294/415/415
f 1118/413/413 1119/414/414 550/412/412
f 1120/416/416 550/412/412 143/417/417
f 143/417/417 550/412/412 1119/414/414
f 1120/416/416 954/85/85 550/412/412
f 954/85/85 1120/416/416 246/86/86
f 1121/418/418 1123/419/419 65/420/420
f 1123/419/419 1121/418/418 551/421/421
f 1122/422/422 551/421/421 295/423/423
f 295/423/423 551/421/421 1121/418/418
f 1122/422/422 1119/414/414 551/421/421
f 1119/414/414 1122/422/422 143/417/417
f 551/421/421 1119/414/414 294/415/415
f 551/421/421 294/415/415 1123/419/419
f 1116/405/405 552/424/424 39/406/406
f 39/406/406 552/424/424 1125/425/425
f 1116/405/405 1124/426/426 552/424/424
f 1124/426/426 1116/405/405 292/403/403
f 552/424/424 1124/426/426 143/417/417
f 552/424/424 143/417/417 1122/422/422
f 1125/425/425 1122/422/422 295/423/423
f 1122/422/422 1125/425/425 552/424/424
f 960/94/94 1112/401/401 74/92/92
f 1112/401/401 960/94/94 553/427/427
f 553/427/427 960/94/94 246/86/86
f 246/86/86 1120/416/416 553/427/427
f 1124/426/426 1120/416/416 143/417/417
f 1120/416/416 1124/426/426 553/427/427
f 1112/401/401 553/427/427 292/403/403
f 292/403/403 553/427/427 1124/426/426
f 1126/428/428 1129/429/429 14/341/341
f 1129/429/429 1126/428/428 554/430/430
f 1127/431/431 554/430/430 296/432/432
f 296/432/432 554/430/430 1126/428/428
f 1127/431/431 1128/433/433 554/430/430
f 1128/433/433 1127/431/431 144/434/434
f 554/430/430 1128/433/433 298/435/435
f 554/430/430 298/435/435 1129/429/429
f 1130/436/436 555/437/437 89/438/438
f 89/438/438 555/437/437 1132/439/439
f 1130/436/436 1131/440/440 555/437/437
f 1131/440/440 1130/436/436 297/441/441
f 555/437/437 1131/440/440 144/434/434
f 555/437/437 144/434/434 1127/431/431
f 1132/439/439 1127/431/431 296/432/432
f 1127/431/431 1132/439/439 555/437/437
f 1134/442/442 1125/425/425 556/443/443
f 1125/425/425 1134/442/442 39/406/406
f 556/443/443 1125/425/425 295/423/423
f 556/443/443 295/423/423 1133/444/444
f 1131/440/440 1133/444/444 144/434/434
f 1133/444/444 1131/440/440 556/443/443
f 1134/442/442 556/443/443 297/441/441
f 297/441/441 556/443/443 1131/440/440
f 557/445/445 1121/418/418 65/420/420
f 557/445/445 65/420/420 1135/446/446
f 1128/433/433 1135/446/446 298/435/435
f 1135/446/446 1128/433/433 557/445/445
f 1133/444/444 557/445/445 144/434/434
f 144/434/434 557/445/445 1128/433/433
f 1133/444/444 1121/418/418 557/445/445
f 1121/418/418 1133/444/444 295/423/423
f 939/47/47 558/447/447 17/48/48
f 17/48/48 558/447/447 1138/448/448
f 939/47/47 1136/449/449 558/447/447
f 1136/449/449 939/47/47 243/54/54
f 558/447/447 1136/449/449 145/450/450
f 558/447/447 145/450/450 1137/451/451
f 1138/448/448 1137/451/451 299/452/452
f 1137/451/451 1138/448/448 558/447/447
f 945/64/64 1117/411/411 559/453/453
f 1117/411/411 945/64/64 78/36/36
f 559/453/453 1117/411/411 293/409/409
f 559/453/453 293/409/409 1139/454/454
f 1136/449/449 1139/454/454 145/450/450
f 1139/454/454 1136/449/449 559/453/453
f 945/64/64 559/453/453 243/54/54
f 243/54/54 559/453/453 1136/449/449
f 560/455/455 1114/404/404 39/406/406
f 560/455/455 39/406/406 1134/442/442
f 1140/456/456 1134/442/442 297/441/441
f 1134/442/442 1140/456/456 560/455/455
f 1139/454/454 560/455/455 145/450/450
f 145/450/450 560/455/455 1140/456/456
f 1139/454/454 1114/404/404 560/455/455
f 1114/404/404 1139/454/454 293/409/409
f 1141/457/457 1130/436/436 89/438/438
f 1130/436/436 1141/457/457 561/458/458
f 1137/451/451 561/458/458 299/452/452
f 299/452/452 561/458/458 1141/457/457
f 1137/451/451 1140/456/456 561/458/458
f 1140/456/456 1137/451/451 145/450/450
f 561/458/458 1140/456/456 297/441/441
f 561/458/458 297/441/441 1130/436/436
f 562/459/459 9/29/29 929/26/26
f 9/29/29 562/459/459 966/107/107
f 1142/460/460 929/26/26 240/34/34
f 929/26/26 1142/460/460 562/459/459
f 1142/460/460 146/461/461 562/459/459
f 146/461/461 1143/462/462 562/459/459
f 1143/462/462 966/107/107 562/459/459
f 966/107/107 1143/462/462 250/111/111
f 1144/463/463 935/45/45 62/13/13
f 935/45/45 1144/463/463 563/464/464
f 563/464/464 1144/463/463 300/465/465
f 300/465/465 1145/466/466 563/464/464
f 1145/466/466 1142/460/460 563/464/464
f 1142/460/460 1145/466/466 146/461/461
f 563/464/464 240/34/34 935/45/45
f 240/34/34 563/464/464 1142/460/460
f 564/467/467 1148/468/468 40/469/469
f 40/469/469 1146/470/470 564/467/467
f 1146/470/470 1147/471/471 564/467/467
f 1147/471/471 1146/470/470 301/472/472
f 564/467/467 146/461/461 1145/466/466
f 146/461/461 564/467/467 1147/471/471
f 1148/468/468 1145/466/466 300/465/465
f 1145/466/466 1148/468/468 564/467/467
f 1149/473/473 972/115/115 565/474/474
f 972/115/115 1149/473/473 79/116/116
f 565/474/474 250/111/111 1143/462/462
f 250/111/111 565/474/474 972/115/115
f 1147/471/471 1143/462/462 146/461/461
f 1143/462/462 1147/471/471 565/474/474
f 1147/471/471 301/472/472 565/474/474
f 301/472/472 1149/473/473 565/474/474
f 3/2/2 996/163/163 566/475/475
f 3/2/2 566/475/475 914/4/4
f 260/167/167 566/475/475 996/163/163
f 566/475/475 260/167/167 1150/476/476
f 1150/476/476 1151/477/477 566/475/475
f 1151/477/477 1150/476/476 147/478/478
f 566/475/475 234/6/6 914/4/4
f 234/6/6 566/475/475 1151/477/477
f 68/180/180 567/479/479 1002/178/178
f 567/479/479 68/180/180 1152/480/480
f 1153/481/481 1152/480/480 302/482/482
f 1152/480/480 1153/481/481 567/479/479
f 1150/476/476 567/479/479 147/478/478
f 147/478/478 567/479/479 1153/481/481
f 1150/476/476 1002/178/178 567/479/479
f 1002/178/178 1150/476/476 260/167/167
f 1155/483/483 1148/468/468 568/484/484
f 1148/468/468 1155/483/483 40/469/469
f 568/484/484 300/465/465 1154/485/485
f 300/465/465 568/484/484 1148/468/468
f 1153/481/481 1154/485/485 147/478/478
f 1154/485/485 1153/481/481 568/484/484
f 568/484/484 1153/481/481 302/482/482
f 568/484/484 302/482/482 1155/483/483
f 569/486/486 62/13/13 920/10/10
f 62/13/13 569/486/486 1144/463/463
f 1151/477/477 920/10/10 234/6/6
f 920/10/10 1151/477/477 569/486/486
f 569/486/486 1151/477/477 147/478/478
f 147/478/478 1154/485/485 569/486/486
f 1154/485/485 1144/463/463 569/486/486
f 1144/463/463 1154/485/485 300/465/465
f 7/220/220 570/487/487 1022/218/218
f 570/487/487 7/220/220 1156/488/488
f 1157/489/489 1156/488/488 303/490/490
f 1156/488/488 1157/489/489 570/487/487
f 1158/491/491 570/487/487 148/492/492
f 148/492/492 570/487/487 1157/489/489
f 1158/491/491 1022/218/218 570/487/487
f 1022/218/218 1158/491/491 266/223/223
f 571/493/493 70/494/494 1159/495/495
f 70/494/494 571/493/493 1161/496/496
f 1160/497/497 1159/495/495 304/498/498
f 1159/495/495 1160/497/497 571/493/493
f 1160/497/497 148/492/492 571/493/493
f 148/492/492 1157/489/489 571/493/493
f 1157/489/489 1161/496/496 571/493/493
f 1161/496/496 1157/489/489 303/490/490
f 572/499/499 40/469/469 1155/483/483
f 40/469/469 572/499/499 1163/500/500
f 1155/483/483 1162/501/501 572/499/499
f 1162/501/501 1155/483/483 302/482/482
f 572/499/499 1162/501/501 148/492/492
f 572/499/499 148/492/492 1160/497/497
f 1163/500/500 1160/497/497 304/498/498
f 1160/497/497 1163/500/500 572/499/499
f 1152/480/480 1027/228/228 573/502/502
f 1027/228/228 1152/480/480 68/180/180
f 266/223/223 573/502/502 1027/228/228
f 573/502/502 266/223/223 1158/491/491
f 1162/501/501 1158/491/491 148/492/492
f 1158/491/491 1162/501/501 573/502/502
f 1152/480/480 573/502/502 302/482/482
f 302/482/482 573/502/502 1162/501/501
f 1166/503/503 979/126/126 574/504/504
f 979/126/126 1166/503/503 11/127/127
f 574/504/504 255/134/134 1164/505/505
f 255/134/134 574/504/504 979/126/126
f 1165/506/506 1164/505/505 149/507/507
f 1164/505/505 1165/506/506 574/504/504
f 1165/506/506 305/508/508 574/504/504
f 305/508/508 1166/503/503 574/504/504
f 575/509/509 79/116/116 1149/473/473
f 79/116/116 575/509/509 985/144/144
f 1167/510/510 1149/473/473 301/472/472
f 1149/473/473 1167/510/510 575/509/509
f 1167/510/510 149/507/507 575/509/509
f 149/507/507 1164/505/505 575/509/509
f 1164/505/505 985/144/144 575/509/509
f 985/144/144 1164/505/505 255/134/134
f 1163/500/500 1146/470/470 40/469/469
f 1146/470/470 1163/500/500 576/511/511
f 576/511/511 1163/500/500 304/498/498
f 304/498/498 1168/512/512 576/511/511
f 1168/512/512 1167/510/510 576/511/511
f 1167/510/510 1168/512/512 149/507/507
f 576/511/511 301/472/472 1146/470/470
f 301/472/472 576/511/511 1167/510/510
f 1159/495/495 1169/513/513 577/514/514
f 1169/513/513 1159/495/495 70/494/494
f 305/508/508 577/514/514 1169/513/513
f 577/514/514 305/508/508 1165/506/506
f 1168/512/512 1165/506/506 149/507/507
f 1165/506/506 1168/512/512 577/514/514
f 304/498/498 1159/495/495 577/514/514
f 304/498/498 577/514/514 1168/512/512
f 1042/262/262 1170/515/515 578/516/516
f 1170/515/515 1042/262/262 10/261/261
f 578/516/516 1170/515/515 306/517/517
f 578/516/516 306/517/517 1171/518/518
f 1172/519/519 1171/518/518 150/520/520
f 1171/518/518 1172/519/519 578/516/516
f 1042/262/262 578/516/516 272/264/264
f 272/264/264 578/516/516 1172/519/519
f 1175/521/521 1173/522/522 579/523/523
f 1173/522/522 1175/521/521 64/524/524
f 1174/525/525 1173/522/522 307/526/526
f 1173/522/522 1174/525/525 579/523/523
f 1171/518/518 579/523/523 150/520/520
f 150/520/520 579/523/523 1174/525/525
f 579/523/523 1171/518/518 306/517/517
f 306/517/517 1175/521/521 579/523/523
f 1176/527/527 1178/528/528 41/529/529
f 1178/528/528 1176/527/527 580/530/530
f 1177/531/531 580/530/530 308/532/532
f 308/532/532 580/530/530 1176/527/527
f 1177/531/531 1174/525/525 580/530/530
f 1174/525/525 1177/531/531 150/520/520
f 307/526/526 580/530/530 1174/525/525
f 580/530/530 307/526/526 1178/528/528
f 1048/269/269 581/533/533 80/270/270
f 80/270/270 581/533/533 1179/534/534
f 1048/269/269 1172/519/519 581/533/533
f 1172/519/519 1048/269/269 272/264/264
f 581/533/533 1172/519/519 150/520/520
f 581/533/533 150/520/520 1177/531/531
f 1179/534/534 1177/531/531 308/532/532
f 1177/531/531 1179/534/534 581/533/533
f 582/535/535 2/317/317 1073/316/316
f 2/317/317 582/535/535 1182/536/536
f 1180/537/537 1073/316/316 283/323/323
f 1073/316/316 1180/537/537 582/535/535
f 1180/537/537 151/538/538 582/535/535
f 151/538/538 1181/539/539 582/535/535
f 582/535/535 1181/539/539 310/540/540
f 310/540/540 1182/536/536 582/535/535
f 1183/541/541 1080/339/339 67/338/338
f 1080/339/339 1183/541/541 583/542/542
f 1183/541/541 309/543/543 583/542/542
f 309/543/543 1184/544/544 583/542/542
f 1184/544/544 1180/537/537 583/542/542
f 1180/537/537 1184/544/544 151/538/538
f 583/542/542 283/323/323 1080/339/339
f 283/323/323 583/542/542 1180/537/537
f 1186/545/545 41/529/529 584/546/546
f 41/529/529 1178/528/528 584/546/546
f 1178/528/528 1185/547/547 584/546/546
f 1185/547/547 1178/528/528 307/526/526
f 584/546/546 151/538/538 1184/544/544
f 151/538/538 584/546/546 1185/547/547
f 1186/545/545 1184/544/544 309/543/543
f 1184/544/544 1186/545/545 584/546/546
f 585/548/548 1173/522/522 64/524/524
f 64/524/524 1187/549/549 585/548/548
f 1187/549/549 1181/539/539 585/548/548
f 1181/539/539 1187/549/549 310/540/540
f 1185/547/547 1181/539/539 151/538/538
f 1181/539/539 1185/547/547 585/548/548
f 1173/522/522 585/548/548 307/526/526
f 307/526/526 585/548/548 1185/547/547
f 1188/550/550 1102/381/381 6/383/383
f 1102/381/381 1188/550/550 586/551/551
f 586/551/551 1188/550/550 311/552/552
f 311/552/552 1189/553/553 586/551/551
f 1189/553/553 1190/554/554 586/551/551
f 1190/554/554 1189/553/553 152/555/555
f 586/551/551 290/384/384 1102/381/381
f 290/384/384 586/551/551 1190/554/554
f 1193/556/556 72/557/557 587/558/558
f 72/557/557 1191/559/559 587/558/558
f 1191/559/559 1192/560/560 587/558/558
f 1192/560/560 1191/559/559 312/561/561
f 587/558/558 152/555/555 1189/553/553
f 152/555/555 587/558/558 1192/560/560
f 1193/556/556 1189/553/553 311/552/552
f 1189/553/553 1193/556/556 587/558/558
f 1195/562/562 1186/545/545 588/563/563
f 1186/545/545 1195/562/562 41/529/529
f 588/563/563 309/543/543 1194/564/564
f 309/543/543 588/563/563 1186/545/545
f 1192/560/560 1194/564/564 152/555/555
f 1194/564/564 1192/560/560 588/563/563
f 1192/560/560 312/561/561 588/563/563
f 312/561/561 1195/562/562 588/563/563
f 589/565/565 67/338/338 1107/390/390
f 67/338/338 589/565/565 1183/541/541
f 1190/554/554 1107/390/390 290/384/384
f 1107/390/390 1190/554/554 589/565/565
f 1190/554/554 152/555/555 589/565/565
f 152/555/555 1194/564/564 589/565/565
f 1194/564/564 1183/541/541 589/565/565
f 1183/541/541 1194/564/564 309/543/543
f 1055/280/280 590/566/566 12/281/281
f 12/281/281 590/566/566 1198/567/567
f 1055/280/280 1196/568/568 590/566/566
f 1196/568/568 1055/280/280 277/287/287
f 590/566/566 1196/568/568 153/569/569
f 590/566/566 153/569/569 1197/570/570
f 1198/567/567 1197/570/570 313/571/571
f 1197/570/570 1198/567/567 590/566/566
f 1061/298/298 1179/534/534 591/572/572
f 1179/534/534 1061/298/298 80/270/270
f 591/572/572 1179/534/534 308/532/532
f 591/572/572 308/532/532 1199/573/573
f 1196/568/568 1199/573/573 153/569/569
f 1199/573/573 1196/568/568 591/572/572
f 1061/298/298 591/572/572 277/287/287
f 277/287/287 591/572/572 1196/568/568
f 592/574/574 41/529/529 1195/562/562
f 41/529/529 592/574/574 1176/527/527
f 1200/575/575 1195/562/562 312/561/561
f 1195/562/562 1200/575/575 592/574/574
f 1199/573/573 592/574/574 153/569/569
f 153/569/569 592/574/574 1200/575/575
f 1199/573/573 1176/527/527 592/574/574
f 1176/527/527 1199/573/573 308/532/532
f 1201/576/576 1191/559/559 72/557/557
f 1191/559/559 1201/576/576 593/577/577
f 313/571/571 1197/570/570 593/577/577
f 313/571/571 593/577/577 1201/576/576
f 1197/570/570 1200/575/575 593/577/577
f 1200/575/575 1197/570/570 153/569/569
f 593/577/577 312/561/561 1191/559/559
f 312/561/561 593/577/577 1200/575/575
f 594/578/578 936/46/46 17/48/48
f 594/578/578 17/48/48 1202/579/579
f 1203/580/580 1202/579/579 314/581/581
f 1202/579/579 1203/580/580 594/578/578
f 1204/582/582 594/578/578 154/583/583
f 154/583/583 594/578/578 1203/580/580
f 1204/582/582 936/46/46 594/578/578
f 936/46/46 1204/582/582 241/51/51
f 1205/584/584 1207/585/585 85/586/586
f 1207/585/585 1205/584/584 595/587/587
f 1206/588/588 595/587/587 315/589/589
f 315/589/589 595/587/587 1205/584/584
f 1206/588/588 1203/580/580 595/587/587
f 1203/580/580 1206/588/588 154/583/583
f 595/587/587 1203/580/580 314/581/581
f 595/587/587 314/581/581 1207/585/585
f 1208/590/590 596/591/591 42/592/592
f 42/592/592 596/591/591 1210/593/593
f 1208/590/590 1209/594/594 596/591/591
f 1209/594/594 1208/590/590 316/595/595
f 596/591/591 1209/594/594 154/583/583
f 596/591/591 154/583/583 1206/588/588
f 1210/593/593 1206/588/588 315/589/589
f 1206/588/588 1210/593/593 596/591/591
f 1211/596/596 942/58/58 597/597/597
f 942/58/58 1211/596/596 86/57/57
f 597/597/597 942/58/58 241/51/51
f 597/597/597 241/51/51 1204/582/582
f 1209/594/594 1204/582/582 154/583/583
f 1204/582/582 1209/594/594 597/597/597
f 1211/596/596 597/597/597 316/595/595
f 316/595/595 597/597/597 1209/594/594
f 1045/260/260 1214/598/598 10/261/261
f 1214/598/598 1045/260/260 598/599/599
f 1212/600/600 598/599/599 274/267/267
f 274/267/267 598/599/599 1045/260/260
f 1212/600/600 1213/601/601 598/599/599
f 1213/601/601 1212/600/600 155/602/602
f 598/599/599 1213/601/601 318/603/603
f 598/599/599 318/603/603 1214/598/598
f 1215/604/604 599/605/605 75/244/244
f 75/244/244 599/605/605 1051/277/277
f 1216/606/606 1215/604/604 317/607/607
f 1215/604/604 1216/606/606 599/605/605
f 599/605/605 1216/606/606 155/602/602
f 599/605/605 155/602/602 1212/600/600
f 1212/600/600 1051/277/277 599/605/605
f 1051/277/277 1212/600/600 274/267/267
f 1218/608/608 1210/593/593 600/609/609
f 1210/593/593 1218/608/608 42/592/592
f 600/609/609 1210/593/593 315/589/589
f 600/609/609 315/589/589 1217/610/610
f 1216/606/606 1217/610/610 155/602/602
f 1217/610/610 1216/606/606 600/609/609
f 1218/608/608 600/609/609 317/607/607
f 317/607/607 600/609/609 1216/606/606
f 601/611/611 1205/584/584 85/586/586
f 601/611/611 85/586/586 1219/612/612
f 1213/601/601 1219/612/612 318/603/603
f 1219/612/612 1213/601/601 601/611/611
f 1217/610/610 601/611/611 155/602/602
f 155/602/602 601/611/611 1213/601/601
f 1217/610/610 1205/584/584 601/611/611
f 1205/584/584 1217/610/610 315/589/589
f 1220/613/613 602/614/614 4/236/236
f 4/236/236 602/614/614 1030/234/234
f 1220/613/613 1221/615/615 602/614/614
f 1221/615/615 1220/613/613 319/616/616
f 602/614/614 1221/615/615 156/617/617
f 156/617/617 1222/618/618 602/614/614
f 1222/618/618 1030/234/234 602/614/614
f 1030/234/234 1222/618/618 268/238/238
f 1225/619/619 1223/620/620 603/621/621
f 1223/620/620 1225/619/619 63/622/622
f 603/621/621 1223/620/620 320/623/623
f 603/621/621 320/623/623 1224/624/624
f 1221/615/615 1224/624/624 156/617/617
f 1224/624/624 1221/615/615 603/621/621
f 1225/619/619 603/621/621 319/616/616
f 319/616/616 603/621/621 1221/615/615
f 604/625/625 1227/626/626 42/592/592
f 604/625/625 42/592/592 1218/608/608
f 1218/608/608 1226/627/627 604/625/625
f 1226/627/627 1218/608/608 317/607/607
f 1224/624/624 604/625/625 156/617/617
f 156/617/617 604/625/625 1226/627/627
f 1224/624/624 1227/626/626 604/625/625
f 1227/626/626 1224/624/624 320/623/623
f 1215/604/604 1036/243/243 605/628/628
f 1036/243/243 1215/604/604 75/244/244
f 1222/618/618 605/628/628 268/238/238
f 268/238/238 605/628/628 1036/243/243
f 1226/627/627 1222/618/618 156/617/617
f 1222/618/618 1226/627/627 605/628/628
f 605/628/628 1226/627/627 317/607/607
f 317/607/607 1215/604/604 605/628/628
f 1230/629/629 949/69/69 606/630/630
f 949/69/69 1230/629/629 13/68/68
f 606/630/630 949/69/69 245/74/74
f 606/630/630 245/74/74 1228/631/631
f 1229/632/632 1228/631/631 157/633/633
f 1228/631/631 1229/632/632 606/630/630
f 1230/629/629 606/630/630 321/634/634
f 321/634/634 606/630/630 1229/632/632
f 607/635/635 953/80/80 86/57/57
f 607/635/635 86/57/57 1211/596/596
f 1231/636/636 1211/596/596 316/595/595
f 1211/596/596 1231/636/636 607/635/635
f 1228/631/631 607/635/635 157/633/633
f 157/633/633 607/635/635 1231/636/636
f 1228/631/631 953/80/80 607/635/635
f 953/80/80 1228/631/631 245/74/74
f 1227/626/626 1208/590/590 42/592/592
f 1208/590/590 1227/626/626 608/637/637
f 1232/638/638 608/637/637 320/623/623
f 320/623/623 608/637/637 1227/626/626
f 1232/638/638 1231/636/636 608/637/637
f 1231/636/636 1232/638/638 157/633/633
f 608/637/637 1231/636/636 316/595/595
f 608/637/637 316/595/595 1208/590/590
f 1233/639/639 609/640/640 63/622/622
f 63/622/622 609/640/640 1223/620/620
f 1233/639/639 1229/632/632 609/640/640
f 1229/632/632 1233/639/639 321/634/634
f 609/640/640 1229/632/632 157/633/633
f 609/640/640 157/633/633 1232/638/638
f 1223/620/620 1232/638/638 320/623/623
f 1232/638/638 1223/620/620 609/640/640
f 610/641/641 1004/182/182 13/68/68
f 610/641/641 13/68/68 1230/629/629
f 1234/642/642 1230/629/629 321/634/634
f 1230/629/629 1234/642/642 610/641/641
f 158/643/643 1235/644/644 610/641/641
f 158/643/643 610/641/641 1234/642/642
f 1235/644/644 1004/182/182 610/641/641
f 1004/182/182 1235/644/644 261/185/185
f 1236/645/645 1233/639/639 63/622/622
f 1233/639/639 1236/645/645 611/646/646
f 322/647/647 1237/648/648 611/646/646
f 322/647/647 611/646/646 1236/645/645
f 1237/648/648 1234/642/642 611/646/646
f 1234/642/642 1237/648/648 158/643/643
f 611/646/646 1234/642/642 321/634/634
f 611/646/646 321/634/634 1233/639/639
f 43/649/649 1238/650/650 612/651/651
f 43/649/649 612/651/651 1240/652/652
f 1238/650/650 1239/653/653 612/651/651
f 1239/653/653 1238/650/650 323/654/654
f 612/651/651 1239/653/653 158/643/643
f 612/651/651 158/643/643 1237/648/648
f 1240/652/652 1237/648/648 322/647/647
f 1237/648/648 1240/652/652 612/651/651
f 1241/655/655 1009/191/191 613/656/656
f 1009/191/191 1241/655/655 87/190/190
f 613/656/656 1009/191/191 261/185/185
f 613/656/656 261/185/185 1235/644/644
f 1239/653/653 1235/644/644 158/643/643
f 1235/644/644 1239/653/653 613/656/656
f 323/654/654 1241/655/655 613/656/656
f 323/654/654 613/656/656 1239/653/653
f 1033/235/235 1220/613/613 4/236/236
f 1220/613/613 1033/235/235 614/657/657
f 614/657/657 1033/235/235 271/242/242
f 271/242/242 1242/658/658 614/657/657
f 1242/658/658 1243/659/659 614/657/657
f 1243/659/659 1242/658/658 159/660/660
f 614/657/657 319/616/616 1220/613/613
f 319/616/616 614/657/657 1243/659/659
f 615/661/661 1040/256/256 69/258/258
f 69/258/258 1244/662/662 615/661/661
f 615/661/661 1244/662/662 324/663/663
f 615/661/661 324/663/663 1245/664/664
f 615/661/661 159/660/660 1242/658/658
f 159/660/660 615/661/661 1245/664/664
f 1040/256/256 1242/658/658 271/242/242
f 1242/658/658 1040/256/256 615/661/661
f 1247/665/665 1240/652/652 616/666/666
f 1240/652/652 1247/665/665 43/649/649
f 616/666/666 322/647/647 1246/667/667
f 322/647/647 616/666/666 1240/652/652
f 1245/664/664 1246/667/667 159/660/660
f 1246/667/667 1245/664/664 616/666/666
f 1245/664/664 324/663/663 616/666/666
f 324/663/663 1247/665/665 616/666/666
f 617/668/668 1236/645/645 63/622/622
f 617/668/668 63/622/622 1225/619/619
f 1243/659/659 1225/619/619 319/616/616
f 1225/619/619 1243/659/659 617/668/668
f 1243/659/659 159/660/660 617/668/668
f 159/660/660 1246/667/667 617/668/668
f 1246/667/667 1236/645/645 617/668/668
f 1236/645/645 1246/667/667 322/647/647
f 1062/302/302 1248/669/669 618/670/670
f 1248/669/669 1062/302/302 8/299/299
f 618/670/670 1248/669/669 325/671/671
f 618/670/670 325/671/671 1249/672/672
f 1250/673/673 1249/672/672 160/674/674
f 1249/672/672 1250/673/673 618/670/670
f 278/303/303 1062/302/302 618/670/670
f 278/303/303 618/670/670 1250/673/673
f 619/675/675 1253/676/676 71/677/677
f 619/675/675 71/677/677 1251/678/678
f 1252/679/679 1251/678/678 326/680/680
f 1251/678/678 1252/679/679 619/675/675
f 1249/672/672 619/675/675 160/674/674
f 160/674/674 619/675/675 1252/679/679
f 1249/672/672 1253/676/676 619/675/675
f 1253/676/676 1249/672/672 325/671/671
f 1247/665/665 1255/681/681 43/649/649
f 1255/681/681 1247/665/665 620/682/682
f 1254/683/683 620/682/682 324/663/663
f 324/663/663 620/682/682 1247/665/665
f 1254/683/683 1252/679/679 620/682/682
f 1252/679/679 1254/683/683 160/674/674
f 620/682/682 1252/679/679 326/680/680
f 620/682/682 326/680/680 1255/681/681
f 1067/309/309 621/684/684 69/258/258
f 69/258/258 621/684/684 1244/662/662
f 1067/309/309 1250/673/673 621/684/684
f 1250/673/673 1067/309/309 278/303/303
f 621/684/684 1250/673/673 160/674/674
f 621/684/684 160/674/674 1254/683/683
f 1244/662/662 1254/683/683 324/663/663
f 1254/683/683 1244/662/662 621/684/684
f 1258/685/685 1015/201/201 622/686/686
f 1015/201/201 1258/685/685 15/200/200
f 622/686/686 1015/201/201 265/206/206
f 622/686/686 265/206/206 1256/687/687
f 1257/688/688 1256/687/687 161/689/689
f 1256/687/687 1257/688/688 622/686/686
f 1258/685/685 622/686/686 327/690/690
f 327/690/690 622/686/686 1257/688/688
f 623/691/691 1021/216/216 87/190/190
f 623/691/691 87/190/190 1241/655/655
f 1259/692/692 1241/655/655 323/654/654
f 1241/655/655 1259/692/692 623/691/691
f 1256/687/687 623/691/691 161/689/689
f 161/689/689 623/691/691 1259/692/692
f 1256/687/687 1021/216/216 623/691/691
f 1021/216/216 1256/687/687 265/206/206
f 1255/681/681 1238/650/650 43/649/649
f 1238/650/650 1255/681/681 624/693/693
f 1260/694/694 1255/681/681 326/680/680
f 1255/681/681 1260/694/694 624/693/693
f 624/693/693 1260/694/694 161/689/689
f 161/689/689 1259/692/692 624/693/693
f 323/654/654 624/693/693 1259/692/692
f 624/693/693 323/654/654 1238/650/650
f 1261/695/695 1251/678/678 71/677/677
f 1251/678/678 1261/695/695 625/696/696
f 625/696/696 1261/695/695 327/690/690
f 327/690/690 1257/688/688 625/696/696
f 1257/688/688 1260/694/694 625/696/696
f 1260/694/694 1257/688/688 161/689/689
f 625/696/696 326/680/680 1251/678/678
f 326/680/680 625/696/696 1260/694/694
f 1129/429/429 626/697/697 14/341/341
f 14/341/341 626/697/697 1082/343/343
f 1129/429/429 1262/698/698 626/697/697
f 1262/698/698 1129/429/429 298/435/435
f 1262/698/698 1263/699/699 626/697/697
f 1263/699/699 1262/698/698 162/700/700
f 626/697/697 284/345/345 1082/343/343
f 284/345/345 626/697/697 1263/699/699
f 1135/446/446 1264/701/701 627/702/702
f 1264/701/701 1135/446/446 65/420/420
f 1264/701/701 1265/703/703 627/702/702
f 1265/703/703 1264/701/701 328/704/704
f 627/702/702 162/700/700 1262/698/698
f 162/700/700 627/702/702 1265/703/703
f 1135/446/446 627/702/702 298/435/435
f 298/435/435 627/702/702 1262/698/698
f 1268/705/705 1266/706/706 628/707/707
f 1266/706/706 1268/705/705 44/708/708
f 628/707/707 329/709/709 1267/710/710
f 329/709/709 628/707/707 1266/706/706
f 1265/703/703 1267/710/710 162/700/700
f 1267/710/710 1265/703/703 628/707/707
f 1265/703/703 328/704/704 628/707/707
f 328/704/704 1268/705/705 628/707/707
f 629/711/711 88/352/352 1088/349/349
f 88/352/352 629/711/711 1269/712/712
f 1263/699/699 1088/349/349 284/345/345
f 1088/349/349 1263/699/699 629/711/711
f 1263/699/699 162/700/700 629/711/711
f 162/700/700 1267/710/710 629/711/711
f 1267/710/710 1269/712/712 629/711/711
f 1269/712/712 1267/710/710 329/709/709
f 630/713/713 1118/413/413 1/84/84
f 630/713/713 1/84/84 957/83/83
f 1270/714/714 957/83/83 249/90/90
f 957/83/83 1270/714/714 630/713/713
f 630/713/713 163/715/715 1271/716/716
f 163/715/715 630/713/713 1270/714/714
f 1271/716/716 294/415/415 630/713/713
f 294/415/415 1118/413/413 630/713/713
f 1272/717/717 964/106/106 66/104/104
f 964/106/106 1272/717/717 631/718/718
f 1273/719/719 631/718/718 330/720/720
f 330/720/720 631/718/718 1272/717/717
f 1273/719/719 1270/714/714 631/718/718
f 1270/714/714 1273/719/719 163/715/715
f 249/90/90 631/718/718 1270/714/714
f 631/718/718 249/90/90 964/106/106
f 632/721/721 44/708/708 1268/705/705
f 44/708/708 632/721/721 1275/722/722
f 1274/723/723 1268/705/705 328/704/704
f 1268/705/705 1274/723/723 632/721/721
f 632/721/721 1274/723/723 163/715/715
f 632/721/721 163/715/715 1273/719/719
f 1275/722/722 1273/719/719 330/720/720
f 1273/719/719 1275/722/722 632/721/721
f 65/420/420 1123/419/419 633/724/724
f 65/420/420 633/724/724 1264/701/701
f 1123/419/419 1271/716/716 633/724/724
f 1271/716/716 1123/419/419 294/415/415
f 1274/723/723 1271/716/716 163/715/715
f 1271/716/716 1274/723/723 633/724/724
f 633/724/724 328/704/704 1264/701/701
f 328/704/704 633/724/724 1274/723/723
f 1276/725/725 986/147/147 5/146/146
f 986/147/147 1276/725/725 634/726/726
f 331/727/727 1277/728/728 634/726/726
f 331/727/727 634/726/726 1276/725/725
f 1277/728/728 1278/729/729 634/726/726
f 1278/729/729 1277/728/728 164/730/730
f 256/151/151 634/726/726 1278/729/729
f 634/726/726 256/151/151 986/147/147
f 635/731/731 73/732/732 1279/733/733
f 73/732/732 635/731/731 1281/734/734
f 1280/735/735 1279/733/733 332/736/736
f 1279/733/733 1280/735/735 635/731/731
f 635/731/731 1280/735/735 164/730/730
f 635/731/731 164/730/730 1277/728/728
f 1281/734/734 1277/728/728 331/727/727
f 1277/728/728 1281/734/734 635/731/731
f 1275/722/722 1283/737/737 44/708/708
f 1283/737/737 1275/722/722 636/738/738
f 636/738/738 1275/722/722 330/720/720
f 636/738/738 330/720/720 1282/739/739
f 1280/735/735 1282/739/739 164/730/730
f 1282/739/739 1280/735/735 636/738/738
f 636/738/738 332/736/736 1283/737/737
f 332/736/736 636/738/738 1280/735/735
f 66/104/104 637/740/740 1272/717/717
f 637/740/740 66/104/104 991/155/155
f 1278/729/729 991/155/155 256/151/151
f 991/155/155 1278/729/729 637/740/740
f 1282/739/739 637/740/740 164/730/730
f 164/730/730 637/740/740 1278/729/729
f 1282/739/739 1272/717/717 637/740/740
f 1272/717/717 1282/739/739 330/720/720
f 638/741/741 16/362/362 1095/361/361
f 16/362/362 638/741/741 1286/742/742
f 1284/743/743 1095/361/361 289/368/368
f 1095/361/361 1284/743/743 638/741/741
f 1284/743/743 165/744/744 638/741/741
f 165/744/744 1285/745/745 638/741/741
f 1285/745/745 1286/742/742 638/741/741
f 1286/742/742 1285/745/745 333/746/746
f 1269/712/712 1101/378/378 88/352/352
f 1101/378/378 1269/712/712 639/747/747
f 1269/712/712 329/709/709 639/747/747
f 329/709/709 1287/748/748 639/747/747
f 1287/748/748 1284/743/743 639/747/747
f 1284/743/743 1287/748/748 165/744/744
f 639/747/747 289/368/368 1101/378/378
f 289/368/368 639/747/747 1284/743/743
f 640/749/749 1266/706/706 44/708/708
f 44/708/708 1283/737/737 640/749/749
f 1283/737/737 1288/750/750 640/749/749
f 1288/750/750 1283/737/737 332/736/736
f 640/749/749 165/744/744 1287/748/748
f 165/744/744 640/749/749 1288/750/750
f 1266/706/706 1287/748/748 329/709/709
f 1287/748/748 1266/706/706 640/749/749
f 1279/733/733 1289/751/751 641/752/752
f 1289/751/751 1279/733/733 73/732/732
f 641/752/752 333/746/746 1285/745/745
f 333/746/746 641/752/752 1289/751/751
f 1288/750/750 1285/745/745 165/744/744
f 1285/745/745 1288/750/750 641/752/752
f 641/752/752 1288/750/750 332/736/736
f 332/736/736 1279/733/733 641/752/752
f 1126/428/428 1085/340/340 642/753/753
f 1085/340/340 1126/428/428 14/341/341
f 642/753/753 286/348/348 1290/754/754
f 286/348/348 642/753/753 1085/340/340
f 1291/755/755 1290/754/754 166/756/756
f 1290/754/754 1291/755/755 642/753/753
f 1291/755/755 296/432/432 642/753/753
f 296/432/432 1126/428/428 642/753/753
f 643/757/757 82/326/326 1292/758/758
f 82/326/326 643/757/757 1091/358/358
f 1293/759/759 1292/758/758 334/760/760
f 1292/758/758 1293/759/759 643/757/757
f 1293/759/759 166/756/756 643/757/757
f 166/756/756 1290/754/754 643/757/757
f 1290/754/754 1091/358/358 643/757/757
f 1091/358/358 1290/754/754 286/348/348
f 1294/761/761 1296/762/762 45/763/763
f 1296/762/762 1294/761/761 644/764/764
f 1294/761/761 335/765/765 644/764/764
f 335/765/765 1295/766/766 644/764/764
f 1295/766/766 1293/759/759 644/764/764
f 1293/759/759 1295/766/766 166/756/756
f 644/764/764 334/760/760 1296/762/762
f 334/760/760 644/764/764 1293/759/759
f 1297/767/767 1132/439/439 645/768/768
f 1132/439/439 1297/767/767 89/438/438
f 1132/439/439 1291/755/755 645/768/768
f 1291/755/755 1132/439/439 296/432/432
f 645/768/768 166/756/756 1295/766/766
f 166/756/756 645/768/768 1291/755/755
f 1297/767/767 1295/766/766 335/765/765
f 1295/766/766 1297/767/767 645/768/768
f 646/769/769 2/317/317 1182/536/536
f 2/317/317 646/769/769 1070/315/315
f 1298/770/770 1182/536/536 310/540/540
f 1182/536/536 1298/770/770 646/769/769
f 1298/770/770 167/771/771 646/769/769
f 167/771/771 1299/772/772 646/769/769
f 1299/772/772 1070/315/315 646/769/769
f 1070/315/315 1299/772/772 280/320/320
f 1300/773/773 1187/549/549 64/524/524
f 1187/549/549 1300/773/773 647/774/774
f 1300/773/773 336/775/775 647/774/774
f 336/775/775 1301/776/776 647/774/774
f 1301/776/776 1298/770/770 647/774/774
f 1298/770/770 1301/776/776 167/771/771
f 647/774/774 310/540/540 1187/549/549
f 310/540/540 647/774/774 1298/770/770
f 1303/777/777 45/763/763 648/778/778
f 45/763/763 1296/762/762 648/778/778
f 1296/762/762 1302/779/779 648/778/778
f 1302/779/779 1296/762/762 334/760/760
f 648/778/778 167/771/771 1301/776/776
f 167/771/771 648/778/778 1302/779/779
f 1303/777/777 1301/776/776 336/775/775
f 1301/776/776 1303/777/777 648/778/778
f 1292/758/758 1076/327/327 649/780/780
f 1076/327/327 1292/758/758 82/326/326
f 649/780/780 280/320/320 1299/772/772
f 280/320/320 649/780/780 1076/327/327
f 1302/779/779 1299/772/772 167/771/771
f 1299/772/772 1302/779/779 649/780/780
f 1302/779/779 334/760/760 649/780/780
f 334/760/760 1292/758/758 649/780/780
f 1214/598/598 650/781/781 10/261/261
f 10/261/261 650/781/781 1170/515/515
f 1214/598/598 1304/782/782 650/781/781
f 1304/782/782 1214/598/598 318/603/603
f 1304/782/782 1305/783/783 650/781/781
f 1305/783/783 1304/782/782 168/784/784
f 1170/515/515 1305/783/783 306/517/517
f 1305/783/783 1170/515/515 650/781/781
f 1219/612/612 1306/785/785 651/786/786
f 1306/785/785 1219/612/612 85/586/586
f 1306/785/785 1307/787/787 651/786/786
f 1307/787/787 1306/785/785 337/788/788
f 651/786/786 168/784/784 1304/782/782
f 168/784/784 651/786/786 1307/787/787
f 1219/612/612 651/786/786 318/603/603
f 318/603/603 651/786/786 1304/782/782
f 1309/789/789 1303/777/777 652/790/790
f 1303/777/777 1309/789/789 45/763/763
f 652/790/790 336/775/775 1308/791/791
f 336/775/775 652/790/790 1303/777/777
f 1307/787/787 1308/791/791 168/784/784
f 1308/791/791 1307/787/787 652/790/790
f 1307/787/787 337/788/788 652/790/790
f 337/788/788 1309/789/789 652/790/790
f 653/792/792 64/524/524 1175/521/521
f 64/524/524 653/792/792 1300/773/773
f 1305/783/783 1175/521/521 306/517/517
f 1175/521/521 1305/783/783 653/792/792
f 1305/783/783 168/784/784 653/792/792
f 168/784/784 1308/791/791 653/792/792
f 1308/791/791 1300/773/773 653/792/792
f 1300/773/773 1308/791/791 336/775/775
f 1202/579/579 1138/448/448 654/793/793
f 1138/448/448 1202/579/579 17/48/48
f 654/793/793 1138/448/448 299/452/452
f 654/793/793 299/452/452 1310/794/794
f 1311/795/795 1310/794/794 169/796/796
f 1310/794/794 1311/795/795 654/793/793
f 1202/579/579 654/793/793 314/581/581
f 314/581/581 654/793/793 1311/795/795
f 655/797/797 1141/457/457 89/438/438
f 655/797/797 89/438/438 1297/767/767
f 655/797/797 335/765/765 1312/798/798
f 335/765/765 655/797/797 1297/767/767
f 1310/794/794 655/797/797 169/796/796
f 169/796/796 655/797/797 1312/798/798
f 1310/794/794 1141/457/457 655/797/797
f 1141/457/457 1310/794/794 299/452/452
f 656/799/799 45/763/763 1309/789/789
f 45/763/763 656/799/799 1294/761/761
f 1313/800/800 1309/789/789 337/788/788
f 1309/789/789 1313/800/800 656/799/799
f 1313/800/800 169/796/796 656/799/799
f 169/796/796 1312/798/798 656/799/799
f 1312/798/798 1294/761/761 656/799/799
f 1294/761/761 1312/798/798 335/765/765
f 1207/585/585 657/801/801 85/586/586
f 85/586/586 657/801/801 1306/785/785
f 1207/585/585 1311/795/795 657/801/801
f 1311/795/795 1207/585/585 314/581/581
f 657/801/801 1311/795/795 169/796/796
f 657/801/801 169/796/796 1313/800/800
f 1306/785/785 1313/800/800 337/788/788
f 1313/800/800 1306/785/785 657/801/801
f 658/802/802 11/127/127 1166/503/503
f 11/127/127 658/802/802 1316/803/803
f 305/508/508 1314/804/804 658/802/802
f 305/508/508 658/802/802 1166/503/503
f 1314/804/804 1315/805/805 658/802/802
f 1315/805/805 1314/804/804 170/806/806
f 1315/805/805 1316/803/803 658/802/802
f 1316/803/803 1315/805/805 340/807/807
f 70/494/494 1317/808/808 659/809/809
f 70/494/494 659/809/809 1169/513/513
f 1317/808/808 1318/810/810 659/809/809
f 1318/810/810 1317/808/808 338/811/811
f 170/806/806 659/809/809 1318/810/810
f 659/809/809 170/806/806 1314/804/804
f 1169/513/513 1314/804/804 305/508/508
f 1314/804/804 1169/513/513 659/809/809
f 1321/812/812 1319/813/813 660/814/814
f 1319/813/813 1321/812/812 46/815/815
f 339/816/816 660/814/814 1319/813/813
f 660/814/814 339/816/816 1320/817/817
f 1318/810/810 1320/817/817 170/806/806
f 1320/817/817 1318/810/810 660/814/814
f 338/811/811 1321/812/812 660/814/814
f 338/811/811 660/814/814 1318/810/810
f 1323/818/818 1322/819/819 661/820/820
f 1322/819/819 1323/818/818 94/821/821
f 661/820/820 340/807/807 1315/805/805
f 340/807/807 661/820/820 1322/819/819
f 170/806/806 1320/817/817 661/820/820
f 170/806/806 661/820/820 1315/805/805
f 1320/817/817 1323/818/818 661/820/820
f 1323/818/818 1320/817/817 339/816/816
f 1156/488/488 1324/822/822 662/823/823
f 1324/822/822 1156/488/488 7/220/220
f 341/824/824 662/823/823 1324/822/822
f 662/823/823 341/824/824 1325/825/825
f 662/823/823 171/826/826 1326/827/827
f 171/826/826 662/823/823 1325/825/825
f 1156/488/488 662/823/823 303/490/490
f 303/490/490 662/823/823 1326/827/827
f 92/828/828 663/829/829 1329/830/830
f 663/829/829 92/828/828 1327/831/831
f 663/829/829 342/832/832 1328/833/833
f 342/832/832 663/829/829 1327/831/831
f 1325/825/825 1328/833/833 171/826/826
f 1328/833/833 1325/825/825 663/829/829
f 1325/825/825 1329/830/830 663/829/829
f 1329/830/830 1325/825/825 341/824/824
f 664/834/834 46/815/815 1321/812/812
f 46/815/815 664/834/834 1331/835/835
f 1330/836/836 1321/812/812 338/811/811
f 1321/812/812 1330/836/836 664/834/834
f 1330/836/836 171/826/826 664/834/834
f 171/826/826 1328/833/833 664/834/834
f 1328/833/833 1331/835/835 664/834/834
f 1331/835/835 1328/833/833 342/832/832
f 1161/496/496 1317/808/808 70/494/494
f 1317/808/808 1161/496/496 665/837/837
f 1161/496/496 303/490/490 665/837/837
f 303/490/490 1326/827/827 665/837/837
f 1326/827/827 1330/836/836 665/837/837
f 1330/836/836 1326/827/827 171/826/826
f 665/837/837 338/811/811 1317/808/808
f 338/811/811 665/837/837 1330/836/836
f 20/838/838 666/839/839 1335/840/840
f 666/839/839 20/838/838 1332/841/838
f 666/839/839 343/842/838 1333/843/841
f 343/842/838 666/839/839 1332/841/838
f 1334/844/842 1333/843/841 172/845/843
f 1333/843/841 1334/844/842 666/839/839
f 1334/844/842 1335/840/840 666/839/839
f 1335/840/840 1334/844/842 345/846/844
f 667/847/845 98/848/838 1336/849/846
f 98/848/838 667/847/845 1338/850/838
f 1337/851/847 1336/849/846 344/852/848
f 1336/849/846 1337/851/847 667/847/845
f 1337/851/847 172/845/843 667/847/845
f 172/845/843 1333/843/841 667/847/845
f 1333/843/841 1338/850/838 667/847/845
f 1338/850/838 1333/843/841 343/842/838
f 1331/835/835 1340/853/849 46/815/815
f 1340/853/849 1331/835/835 668/854/850
f 1331/835/835 342/832/832 668/854/850
f 342/832/832 1339/855/851 668/854/850
f 1339/855/851 1337/851/847 668/854/850
f 1337/851/847 1339/855/851 172/845/843
f 668/854/850 344/852/848 1340/853/849
f 344/852/848 668/854/850 1337/851/847
f 1327/831/831 1341/856/852 669/857/853
f 1341/856/852 1327/831/831 92/828/828
f 345/846/844 669/857/853 1341/856/852
f 669/857/853 345/846/844 1334/844/842
f 669/857/853 172/845/843 1339/855/851
f 172/845/843 669/857/853 1334/844/842
f 1327/831/831 1339/855/851 342/832/832
f 1339/855/851 1327/831/831 669/857/853
f 1345/858/838 1342/859/854 670/860/855
f 1342/859/854 1345/858/838 22/861/838
f 670/860/855 346/862/856 1343/863/857
f 346/862/856 670/860/855 1342/859/854
f 1344/864/858 670/860/855 173/865/859
f 173/865/859 670/860/855 1343/863/857
f 1344/864/858 1345/858/838 670/860/855
f 1345/858/838 1344/864/858 347/866/838
f 671/867/860 94/821/821 1323/818/818
f 94/821/821 671/867/860 1347/868/861
f 1346/869/862 671/867/860 339/816/816
f 339/816/816 671/867/860 1323/818/818
f 1346/869/862 1343/863/857 671/867/860
f 1343/863/857 1346/869/862 173/865/859
f 1343/863/857 1347/868/861 671/867/860
f 1347/868/861 1343/863/857 346/862/856
f 46/815/815 1340/853/849 672/870/863
f 46/815/815 672/870/863 1319/813/813
f 1340/853/849 1348/871/864 672/870/863
f 1348/871/864 1340/853/849 344/852/848
f 173/865/859 672/870/863 1348/871/864
f 672/870/863 173/865/859 1346/869/862
f 1319/813/813 1346/869/862 339/816/816
f 1346/869/862 1319/813/813 672/870/863
f 1336/849/846 1349/872/838 673/873/865
f 1349/872/838 1336/849/846 98/848/838
f 347/866/838 673/873/865 1349/872/838
f 673/873/865 347/866/838 1344/864/858
f 1348/871/864 1344/864/858 173/865/859
f 1344/864/858 1348/871/864 673/873/865
f 344/852/848 1336/849/846 673/873/865
f 344/852/848 673/873/865 1348/871/864
f 674/874/866 1352/875/867 15/200/200
f 674/874/866 15/200/200 1258/685/685
f 674/874/866 327/690/690 1350/876/868
f 327/690/690 674/874/866 1258/685/685
f 1351/877/869 1350/876/868 174/878/870
f 1350/876/868 1351/877/869 674/874/866
f 1351/877/869 1352/875/867 674/874/866
f 1352/875/867 1351/877/869 350/879/871
f 675/880/872 71/677/677 1353/881/873
f 71/677/677 675/880/872 1261/695/695
f 1354/882/874 1353/881/873 348/883/875
f 1353/881/873 1354/882/874 675/880/872
f 675/880/872 1354/882/874 174/878/870
f 174/878/870 1350/876/868 675/880/872
f 1350/876/868 1261/695/695 675/880/872
f 1261/695/695 1350/876/868 327/690/690
f 1355/884/876 1357/885/877 47/886/878
f 1357/885/877 1355/884/876 676/887/879
f 676/887/879 1355/884/876 349/888/880
f 349/888/880 1356/889/881 676/887/879
f 1356/889/881 1354/882/874 676/887/879
f 1354/882/874 1356/889/881 174/878/870
f 676/887/879 348/883/875 1357/885/877
f 348/883/875 676/887/879 1354/882/874
f 1359/890/882 1358/891/883 677/892/884
f 1358/891/883 1359/890/882 96/893/885
f 677/892/884 1358/891/883 350/879/871
f 677/892/884 350/879/871 1351/877/869
f 677/892/884 174/878/870 1356/889/881
f 174/878/870 677/892/884 1351/877/869
f 1359/890/882 1356/889/881 349/888/880
f 1356/889/881 1359/890/882 677/892/884
f 8/299/299 1360/894/886 678/895/887
f 8/299/299 678/895/887 1248/669/669
f 1360/894/886 1361/896/888 678/895/887
f 1361/896/888 1360/894/886 351/897/889
f 678/895/887 1361/896/888 175/898/890
f 678/895/887 175/898/890 1362/899/891
f 1248/669/669 1362/899/891 325/671/671
f 1362/899/891 1248/669/669 678/895/887
f 1365/900/892 1363/901/893 679/902/894
f 1363/901/893 1365/900/892 93/903/895
f 679/902/894 1363/901/893 352/904/896
f 679/902/894 352/904/896 1364/905/897
f 1361/896/888 1364/905/897 175/898/890
f 1364/905/897 1361/896/888 679/902/894
f 351/897/889 1365/900/892 679/902/894
f 351/897/889 679/902/894 1361/896/888
f 680/906/898 1367/907/899 47/886/878
f 680/906/898 47/886/878 1357/885/877
f 1366/908/900 1357/885/877 348/883/875
f 1357/885/877 1366/908/900 680/906/898
f 1364/905/897 680/906/898 175/898/890
f 175/898/890 680/906/898 1366/908/900
f 1364/905/897 1367/907/899 680/906/898
f 1367/907/899 1364/905/897 352/904/896
f 1253/676/676 1353/881/873 71/677/677
f 1353/881/873 1253/676/676 681/909/901
f 1362/899/891 681/909/901 325/671/671
f 325/671/671 681/909/901 1253/676/676
f 1362/899/891 1366/908/900 681/909/901
f 1366/908/900 1362/899/891 175/898/890
f 681/909/901 1366/908/900 348/883/875
f 681/909/901 348/883/875 1353/881/873
f 1371/910/902 1368/911/838 682/912/903
f 1368/911/838 1371/910/902 21/913/838
f 682/912/903 1368/911/838 353/914/838
f 682/912/903 353/914/838 1369/915/904
f 1370/916/905 1369/915/904 176/917/906
f 1369/915/904 1370/916/905 682/912/903
f 1371/910/902 682/912/903 355/918/907
f 355/918/907 682/912/903 1370/916/905
f 683/919/908 1374/920/838 99/921/838
f 99/921/838 1372/922/909 683/919/908
f 1373/923/910 1372/922/909 354/924/911
f 1372/922/909 1373/923/910 683/919/908
f 1369/915/904 683/919/908 176/917/906
f 176/917/906 683/919/908 1373/923/910
f 1369/915/904 1374/920/838 683/919/908
f 1374/920/838 1369/915/904 353/914/838
f 1367/907/899 1376/925/912 47/886/878
f 1376/925/912 1367/907/899 684/926/913
f 1375/927/914 684/926/913 352/904/896
f 352/904/896 684/926/913 1367/907/899
f 1375/927/914 1373/923/910 684/926/913
f 1373/923/910 1375/927/914 176/917/906
f 684/926/913 1373/923/910 354/924/911
f 684/926/913 354/924/911 1376/925/912
f 93/903/895 1377/928/915 685/929/916
f 93/903/895 685/929/916 1363/901/893
f 1377/928/915 1370/916/905 685/929/916
f 1370/916/905 1377/928/915 355/918/907
f 685/929/916 1370/916/905 176/917/906
f 685/929/916 176/917/906 1375/927/914
f 1363/901/893 1375/927/914 352/904/896
f 1375/927/914 1363/901/893 685/929/916
f 1381/930/838 1378/931/917 686/932/918
f 1378/931/917 1381/930/838 24/933/838
f 686/932/918 1378/931/917 356/934/919
f 686/932/918 356/934/919 1379/935/920
f 686/932/918 177/936/921 1380/937/922
f 177/936/921 686/932/918 1379/935/920
f 1381/930/838 1380/937/922 357/938/838
f 1380/937/922 1381/930/838 686/932/918
f 687/939/923 1383/940/924 96/893/885
f 687/939/923 96/893/885 1359/890/882
f 687/939/923 349/888/880 1382/941/925
f 349/888/880 687/939/923 1359/890/882
f 1379/935/920 1382/941/925 177/936/921
f 1382/941/925 1379/935/920 687/939/923
f 1379/935/920 1383/940/924 687/939/923
f 1383/940/924 1379/935/920 356/934/919
f 688/942/926 47/886/878 1376/925/912
f 47/886/878 688/942/926 1355/884/876
f 1384/943/927 1376/925/912 354/924/911
f 1376/925/912 1384/943/927 688/942/926
f 688/942/926 1384/943/927 177/936/921
f 177/936/921 1382/941/925 688/942/926
f 1382/941/925 1355/884/876 688/942/926
f 1355/884/876 1382/941/925 349/888/880
f 1385/944/838 1372/922/909 99/921/838
f 1372/922/909 1385/944/838 689/945/928
f 1385/944/838 357/938/838 689/945/928
f 357/938/838 1380/937/922 689/945/928
f 1380/937/922 1384/943/927 689/945/928
f 1384/943/927 1380/937/922 177/936/921
f 689/945/928 354/924/911 1372/922/909
f 354/924/911 689/945/928 1384/943/927
f 1388/946/929 1198/567/567 690/947/930
f 1198/567/567 1388/946/929 12/281/281
f 690/947/930 1198/567/567 313/571/571
f 690/947/930 313/571/571 1386/948/931
f 1387/949/932 1386/948/931 178/950/933
f 1386/948/931 1387/949/932 690/947/930
f 1388/946/929 690/947/930 360/951/934
f 360/951/934 690/947/930 1387/949/932
f 72/557/557 691/952/935 1201/576/576
f 691/952/935 72/557/557 1389/953/936
f 1390/954/937 1389/953/936 358/955/938
f 1389/953/936 1390/954/937 691/952/935
f 178/950/933 1386/948/931 691/952/935
f 178/950/933 691/952/935 1390/954/937
f 1386/948/931 1201/576/576 691/952/935
f 1201/576/576 1386/948/931 313/571/571
f 1391/956/939 1393/957/940 48/958/941
f 1393/957/940 1391/956/939 692/959/942
f 359/960/943 1392/961/944 692/959/942
f 359/960/943 692/959/942 1391/956/939
f 1392/961/944 1390/954/937 692/959/942
f 1390/954/937 1392/961/944 178/950/933
f 358/955/938 692/959/942 1390/954/937
f 692/959/942 358/955/938 1393/957/940
f 1394/962/945 693/963/946 95/964/947
f 95/964/947 693/963/946 1395/965/948
f 1394/962/945 1387/949/932 693/963/946
f 1387/949/932 1394/962/945 360/951/934
f 693/963/946 1387/949/932 178/950/933
f 693/963/946 178/950/933 1392/961/944
f 1395/965/948 1392/961/944 359/960/943
f 1392/961/944 1395/965/948 693/963/946
f 694/966/949 6/383/383 1396/967/950
f 6/383/383 694/966/949 1188/550/550
f 1397/968/951 1396/967/950 361/969/952
f 1396/967/950 1397/968/951 694/966/949
f 694/966/949 1397/968/951 179/970/953
f 179/970/953 1398/971/954 694/966/949
f 1398/971/954 1188/550/550 694/966/949
f 1188/550/550 1398/971/954 311/552/552
f 1399/972/955 1401/973/956 91/974/957
f 1401/973/956 1399/972/955 695/975/958
f 1399/972/955 362/976/959 695/975/958
f 362/976/959 1400/977/960 695/975/958
f 1400/977/960 1397/968/951 695/975/958
f 1397/968/951 1400/977/960 179/970/953
f 695/975/958 361/969/952 1401/973/956
f 361/969/952 695/975/958 1397/968/951
f 1403/978/961 48/958/941 696/979/962
f 48/958/941 1393/957/940 696/979/962
f 1393/957/940 1402/980/963 696/979/962
f 1402/980/963 1393/957/940 358/955/938
f 696/979/962 179/970/953 1400/977/960
f 179/970/953 696/979/962 1402/980/963
f 1403/978/961 1400/977/960 362/976/959
f 1400/977/960 1403/978/961 696/979/962
f 1389/953/936 1193/556/556 697/981/964
f 1193/556/556 1389/953/936 72/557/557
f 697/981/964 311/552/552 1398/971/954
f 311/552/552 697/981/964 1193/556/556
f 1402/980/963 1398/971/954 179/970/953
f 1398/971/954 1402/980/963 697/981/964
f 1402/980/963 358/955/938 697/981/964
f 358/955/938 1389/953/936 697/981/964
f 1404/982/838 1407/983/965 19/984/838
f 1407/983/965 1404/982/838 698/985/966
f 1404/982/838 363/986/838 698/985/966
f 363/986/838 1405/987/967 698/985/966
f 1405/987/967 1406/988/968 698/985/966
f 1406/988/968 1405/987/967 180/989/969
f 698/985/966 365/990/970 1407/983/965
f 365/990/970 698/985/966 1406/988/968
f 1410/991/838 100/992/838 699/993/971
f 100/992/838 1408/994/972 699/993/971
f 1408/994/972 1409/995/973 699/993/971
f 1409/995/973 1408/994/972 364/996/974
f 699/993/971 180/989/969 1405/987/967
f 180/989/969 699/993/971 1409/995/973
f 1410/991/838 1405/987/967 363/986/838
f 1405/987/967 1410/991/838 699/993/971
f 1412/997/975 1403/978/961 700/998/976
f 1403/978/961 1412/997/975 48/958/941
f 700/998/976 362/976/959 1411/999/977
f 362/976/959 700/998/976 1403/978/961
f 1409/995/973 1411/999/977 180/989/969
f 1411/999/977 1409/995/973 700/998/976
f 1409/995/973 364/996/974 700/998/976
f 364/996/974 1412/997/975 700/998/976
f 701/1000/978 91/974/957 1413/1001/979
f 91/974/957 701/1000/978 1399/972/955
f 1406/988/968 1413/1001/979 365/990/970
f 1413/1001/979 1406/988/968 701/1000/978
f 1406/988/968 180/989/969 701/1000/978
f 180/989/969 1411/999/977 701/1000/978
f 1411/999/977 1399/972/955 701/1000/978
f 1399/972/955 1411/999/977 362/976/959
f 1414/1002/980 702/1003/980 23/1004/838
f 23/1004/838 702/1003/980 1417/1005/838
f 1414/1002/980 1415/1006/981 702/1003/980
f 1415/1006/981 1414/1002/980 366/1007/982
f 702/1003/980 1415/1006/981 181/1008/983
f 702/1003/980 181/1008/983 1416/1009/984
f 1417/1005/838 1416/1009/984 367/1010/838
f 1416/1009/984 1417/1005/838 702/1003/980
f 1419/1011/985 1395/965/948 703/1012/986
f 1395/965/948 1419/1011/985 95/964/947
f 703/1012/986 1395/965/948 359/960/943
f 703/1012/986 359/960/943 1418/1013/987
f 1415/1006/981 1418/1013/987 181/1008/983
f 1418/1013/987 1415/1006/981 703/1012/986
f 1419/1011/985 703/1012/986 366/1007/982
f 366/1007/982 703/1012/986 1415/1006/981
f 704/1014/988 48/958/941 1412/997/975
f 48/958/941 704/1014/988 1391/956/939
f 1420/1015/989 1412/997/975 364/996/974
f 1412/997/975 1420/1015/989 704/1014/988
f 1418/1013/987 704/1014/988 181/1008/983
f 181/1008/983 704/1014/988 1420/1015/989
f 1418/1013/987 1391/956/939 704/1014/988
f 1391/956/939 1418/1013/987 359/960/943
f 1421/1016/838 1408/994/972 100/992/838
f 1408/994/972 1421/1016/838 705/1017/990
f 1416/1009/984 705/1017/990 367/1010/838
f 367/1010/838 705/1017/990 1421/1016/838
f 1416/1009/984 1420/1015/989 705/1017/990
f 1420/1015/989 1416/1009/984 181/1008/983
f 705/1017/990 364/996/974 1408/994/972
f 364/996/974 705/1017/990 1420/1015/989
f 1286/742/742 1424/1018/991 16/362/362
f 1424/1018/991 1286/742/742 706/1019/992
f 1286/742/742 333/746/746 706/1019/992
f 333/746/746 1422/1020/993 706/1019/992
f 1422/1020/993 1423/1021/994 706/1019/992
f 1423/1021/994 1422/1020/993 182/1022/995
f 706/1019/992 370/1023/996 1424/1018/991
f 370/1023/996 706/1019/992 1423/1021/994
f 707/1024/997 1289/751/751 73/732/732
f 73/732/732 1425/1025/998 707/1024/997
f 1425/1025/998 1426/1026/999 707/1024/997
f 1426/1026/999 1425/1025/998 368/1027/1000
f 707/1024/997 182/1022/995 1422/1020/993
f 182/1022/995 707/1024/997 1426/1026/999
f 1289/751/751 1422/1020/993 333/746/746
f 1422/1020/993 1289/751/751 707/1024/997
f 1429/1028/1001 1427/1029/1002 708/1030/1003
f 1427/1029/1002 1429/1028/1001 49/1031/1004
f 708/1030/1003 369/1032/1005 1428/1033/1006
f 369/1032/1005 708/1030/1003 1427/1029/1002
f 1426/1026/999 1428/1033/1006 182/1022/995
f 1428/1033/1006 1426/1026/999 708/1030/1003
f 708/1030/1003 1426/1026/999 368/1027/1000
f 368/1027/1000 1429/1028/1001 708/1030/1003
f 709/1034/1007 97/1035/1008 1430/1036/1009
f 97/1035/1008 709/1034/1007 1431/1037/1010
f 1423/1021/994 1430/1036/1009 370/1023/996
f 1430/1036/1009 1423/1021/994 709/1034/1007
f 1423/1021/994 182/1022/995 709/1034/1007
f 182/1022/995 1428/1033/1006 709/1034/1007
f 1428/1033/1006 1431/1037/1010 709/1034/1007
f 1431/1037/1010 1428/1033/1006 369/1032/1005
f 5/146/146 710/1038/1011 1276/725/725
f 710/1038/1011 5/146/146 1432/1039/1012
f 1433/1040/1013 1432/1039/1012 371/1041/1014
f 1432/1039/1012 1433/1040/1013 710/1038/1011
f 183/1042/1015 1434/1043/1016 710/1038/1011
f 183/1042/1015 710/1038/1011 1433/1040/1013
f 1434/1043/1016 1276/725/725 710/1038/1011
f 1276/725/725 1434/1043/1016 331/727/727
f 1435/1044/1017 1437/1045/1018 90/1046/1019
f 1437/1045/1018 1435/1044/1017 711/1047/1020
f 1436/1048/1021 711/1047/1020 372/1049/1022
f 372/1049/1022 711/1047/1020 1435/1044/1017
f 1436/1048/1021 1433/1040/1013 711/1047/1020
f 1433/1040/1013 1436/1048/1021 183/1042/1015
f 711/1047/1020 1433/1040/1013 371/1041/1014
f 711/1047/1020 371/1041/1014 1437/1045/1018
f 712/1050/1023 49/1031/1004 1429/1028/1001
f 49/1031/1004 712/1050/1023 1439/1051/1024
f 1438/1052/1025 1429/1028/1001 368/1027/1000
f 1429/1028/1001 1438/1052/1025 712/1050/1023
f 712/1050/1023 1438/1052/1025 183/1042/1015
f 712/1050/1023 183/1042/1015 1436/1048/1021
f 1439/1051/1024 1436/1048/1021 372/1049/1022
f 1436/1048/1021 1439/1051/1024 712/1050/1023
f 1281/734/734 1425/1025/998 73/732/732
f 1425/1025/998 1281/734/734 713/1053/1026
f 713/1053/1026 1281/734/734 331/727/727
f 713/1053/1026 331/727/727 1434/1043/1016
f 1438/1052/1025 1434/1043/1016 183/1042/1015
f 1434/1043/1016 1438/1052/1025 713/1053/1026
f 713/1053/1026 368/1027/1000 1425/1025/998
f 368/1027/1000 713/1053/1026 1438/1052/1025
f 1440/1054/838 1443/1055/1027 18/1056/838
f 1443/1055/1027 1440/1054/838 714/1057/1028
f 1441/1058/1029 714/1057/1028 373/1059/838
f 373/1059/838 714/1057/1028 1440/1054/838
f 1441/1058/1029 1442/1060/1030 714/1057/1028
f 1442/1060/1030 1441/1058/1029 184/1061/1031
f 375/1062/1032 714/1057/1028 1442/1060/1030
f 714/1057/1028 375/1062/1032 1443/1055/1027
f 715/1063/1033 101/1064/838 1444/1065/1034
f 101/1064/838 715/1063/1033 1446/1066/838
f 1445/1067/1035 1444/1065/1034 374/1068/1036
f 1444/1065/1034 1445/1067/1035 715/1063/1033
f 715/1063/1033 1445/1067/1035 184/1061/1031
f 715/1063/1033 184/1061/1031 1441/1058/1029
f 1446/1066/838 1441/1058/1029 373/1059/838
f 1441/1058/1029 1446/1066/838 715/1063/1033
f 1439/1051/1024 1448/1069/1037 49/1031/1004
f 1448/1069/1037 1439/1051/1024 716/1070/1038
f 716/1070/1038 1439/1051/1024 372/1049/1022
f 716/1070/1038 372/1049/1022 1447/1071/1039
f 1445/1067/1035 1447/1071/1039 184/1061/1031
f 1447/1071/1039 1445/1067/1035 716/1070/1038
f 716/1070/1038 374/1068/1036 1448/1069/1037
f 374/1068/1036 716/1070/1038 1445/1067/1035
f 90/1046/1019 717/1072/1040 1435/1044/1017
f 717/1072/1040 90/1046/1019 1449/1073/1041
f 1442/1060/1030 1449/1073/1041 375/1062/1032
f 1449/1073/1041 1442/1060/1030 717/1072/1040
f 1447/1071/1039 717/1072/1040 184/1061/1031
f 184/1061/1031 717/1072/1040 1442/1060/1030
f 1447/1071/1039 1435/1044/1017 717/1072/1040
f 1435/1044/1017 1447/1071/1039 372/1049/1022
f 718/1074/1042 25/1075/838 1450/1076/1043
f 25/1075/838 718/1074/1042 1453/1077/838
f 1451/1078/1044 1450/1076/1043 376/1079/1045
f 1450/1076/1043 1451/1078/1044 718/1074/1042
f 1451/1078/1044 185/1080/1046 718/1074/1042
f 185/1080/1046 1452/1081/1047 718/1074/1042
f 1452/1081/1047 1453/1077/838 718/1074/1042
f 1453/1077/838 1452/1081/1047 377/1082/838
f 1431/1037/1010 1455/1083/1048 97/1035/1008
f 1455/1083/1048 1431/1037/1010 719/1084/1049
f 1431/1037/1010 369/1032/1005 719/1084/1049
f 369/1032/1005 1454/1085/1050 719/1084/1049
f 1454/1085/1050 1451/1078/1044 719/1084/1049
f 1451/1078/1044 1454/1085/1050 185/1080/1046
f 719/1084/1049 376/1079/1045 1455/1083/1048
f 376/1079/1045 719/1084/1049 1451/1078/1044
f 720/1086/1051 1427/1029/1002 49/1031/1004
f 49/1031/1004 1448/1069/1037 720/1086/1051
f 1448/1069/1037 1456/1087/1052 720/1086/1051
f 1456/1087/1052 1448/1069/1037 374/1068/1036
f 720/1086/1051 185/1080/1046 1454/1085/1050
f 185/1080/1046 720/1086/1051 1456/1087/1052
f 1427/1029/1002 1454/1085/1050 369/1032/1005
f 1454/1085/1050 1427/1029/1002 720/1086/1051
f 1444/1065/1034 1457/1088/838 721/1089/1053
f 1457/1088/838 1444/1065/1034 101/1064/838
f 721/1089/1053 377/1082/838 1452/1081/1047
f 377/1082/838 721/1089/1053 1457/1088/838
f 1456/1087/1052 1452/1081/1047 185/1080/1046
f 1452/1081/1047 1456/1087/1052 721/1089/1053
f 1456/1087/1052 374/1068/1036 721/1089/1053
f 374/1068/1036 1444/1065/1034 721/1089/1053
f 1432/1039/1012 989/149/149 722/1090/1054
f 989/149/149 1432/1039/1012 5/146/146
f 722/1090/1054 257/154/154 1458/1091/1055
f 257/154/154 722/1090/1054 989/149/149
f 1459/1092/1056 1458/1091/1055 186/1093/1057
f 1458/1091/1055 1459/1092/1056 722/1090/1054
f 371/1041/1014 1432/1039/1012 722/1090/1054
f 371/1041/1014 722/1090/1054 1459/1092/1056
f 1460/1094/1058 993/160/160 76/138/138
f 993/160/160 1460/1094/1058 723/1095/1059
f 1461/1096/1060 723/1095/1059 378/1097/1061
f 378/1097/1061 723/1095/1059 1460/1094/1058
f 1461/1096/1060 1458/1091/1055 723/1095/1059
f 1458/1091/1055 1461/1096/1060 186/1093/1057
f 723/1095/1059 1458/1091/1055 257/154/154
f 723/1095/1059 257/154/154 993/160/160
f 1462/1098/1062 724/1099/1063 50/1100/1064
f 50/1100/1064 724/1099/1063 1464/1101/1065
f 1462/1098/1062 1463/1102/1066 724/1099/1063
f 1463/1102/1066 1462/1098/1062 379/1103/1067
f 724/1099/1063 1463/1102/1066 186/1093/1057
f 724/1099/1063 186/1093/1057 1461/1096/1060
f 1464/1101/1065 1461/1096/1060 378/1097/1061
f 1461/1096/1060 1464/1101/1065 724/1099/1063
f 90/1046/1019 1437/1045/1018 725/1104/1068
f 90/1046/1019 725/1104/1068 1465/1105/1069
f 1437/1045/1018 1459/1092/1056 725/1104/1068
f 1459/1092/1056 1437/1045/1018 371/1041/1014
f 1463/1102/1066 1459/1092/1056 186/1093/1057
f 1459/1092/1056 1463/1102/1066 725/1104/1068
f 725/1104/1068 379/1103/1067 1465/1105/1069
f 379/1103/1067 725/1104/1068 1463/1102/1066
f 1316/803/803 976/129/129 11/127/127
f 976/129/129 1316/803/803 726/1106/1070
f 1316/803/803 340/807/807 726/1106/1070
f 340/807/807 1466/1107/1071 726/1106/1070
f 1466/1107/1071 1467/1108/1072 726/1106/1070
f 1467/1108/1072 1466/1107/1071 187/1109/1073
f 726/1106/1070 253/131/131 976/129/129
f 253/131/131 726/1106/1070 1467/1108/1072
f 1322/819/819 94/821/821 727/1110/1074
f 94/821/821 1468/1111/1075 727/1110/1074
f 1468/1111/1075 1469/1112/1076 727/1110/1074
f 1469/1112/1076 1468/1111/1075 380/1113/1077
f 727/1110/1074 187/1109/1073 1466/1107/1071
f 187/1109/1073 727/1110/1074 1469/1112/1076
f 1322/819/819 1466/1107/1071 340/807/807
f 1466/1107/1071 1322/819/819 727/1110/1074
f 1471/1114/1078 1464/1101/1065 728/1115/1079
f 1464/1101/1065 1471/1114/1078 50/1100/1064
f 378/1097/1061 728/1115/1079 1464/1101/1065
f 728/1115/1079 378/1097/1061 1470/1116/1080
f 1469/1112/1076 1470/1116/1080 187/1109/1073
f 1470/1116/1080 1469/1112/1076 728/1115/1079
f 1471/1114/1078 728/1115/1079 380/1113/1077
f 1469/1112/1076 380/1113/1077 728/1115/1079
f 76/138/138 729/1117/1081 1460/1094/1058
f 729/1117/1081 76/138/138 982/135/135
f 1467/1108/1072 982/135/135 253/131/131
f 982/135/135 1467/1108/1072 729/1117/1081
f 1470/1116/1080 729/1117/1081 187/1109/1073
f 1467/1108/1072 187/1109/1073 729/1117/1081
f 1470/1116/1080 1460/1094/1058 729/1117/1081
f 1460/1094/1058 1470/1116/1080 378/1097/1061
f 1342/859/854 22/861/838 730/1118/1082
f 22/861/838 1472/1119/838 730/1118/1082
f 1472/1119/838 1473/1120/1083 730/1118/1082
f 1473/1120/1083 1472/1119/838 381/1121/838
f 730/1118/1082 188/1122/1084 1474/1123/1085
f 188/1122/1084 730/1118/1082 1473/1120/1083
f 1342/859/854 1474/1123/1085 346/862/856
f 1474/1123/1085 1342/859/854 730/1118/1082
f 1477/1124/838 1475/1125/1086 731/1126/1087
f 1475/1125/1086 1477/1124/838 102/1127/838
f 382/1128/1088 731/1126/1087 1475/1125/1086
f 731/1126/1087 382/1128/1088 1476/1129/1089
f 1473/1120/1083 1476/1129/1089 188/1122/1084
f 1476/1129/1089 1473/1120/1083 731/1126/1087
f 381/1121/838 1477/1124/838 731/1126/1087
f 381/1121/838 731/1126/1087 1473/1120/1083
f 50/1100/1064 732/1130/1090 1479/1131/1091
f 732/1130/1090 50/1100/1064 1471/1114/1078
f 1478/1132/1092 1471/1114/1078 380/1113/1077
f 1471/1114/1078 1478/1132/1092 732/1130/1090
f 188/1122/1084 1476/1129/1089 732/1130/1090
f 188/1122/1084 732/1130/1090 1478/1132/1092
f 1476/1129/1089 1479/1131/1091 732/1130/1090
f 1479/1131/1091 1476/1129/1089 382/1128/1088
f 1347/868/861 1468/1111/1075 94/821/821
f 1468/1111/1075 1347/868/861 733/1133/1093
f 1347/868/861 346/862/856 733/1133/1093
f 346/862/856 1474/1123/1085 733/1133/1093
f 1474/1123/1085 1478/1132/1092 733/1133/1093
f 1478/1132/1092 1474/1123/1085 188/1122/1084
f 733/1133/1093 380/1113/1077 1468/1111/1075
f 380/1113/1077 733/1133/1093 1478/1132/1092
f 18/1056/838 1443/1055/1027 734/1134/1094
f 18/1056/838 734/1134/1094 1482/1135/838
f 1443/1055/1027 1480/1136/1095 734/1134/1094
f 1480/1136/1095 1443/1055/1027 375/1062/1032
f 1481/1137/1096 1480/1136/1095 189/1138/1097
f 1480/1136/1095 1481/1137/1096 734/1134/1094
f 734/1134/1094 383/1139/838 1482/1135/838
f 383/1139/838 734/1134/1094 1481/1137/1096
f 1449/1073/1041 1465/1105/1069 735/1140/1098
f 1465/1105/1069 1449/1073/1041 90/1046/1019
f 1483/1141/1099 1465/1105/1069 379/1103/1067
f 1465/1105/1069 1483/1141/1099 735/1140/1098
f 735/1140/1098 189/1138/1097 1480/1136/1095
f 189/1138/1097 735/1140/1098 1483/1141/1099
f 375/1062/1032 1449/1073/1041 735/1140/1098
f 375/1062/1032 735/1140/1098 1480/1136/1095
f 1479/1131/1091 1462/1098/1062 50/1100/1064
f 1462/1098/1062 1479/1131/1091 736/1142/1100
f 1484/1143/1101 736/1142/1100 382/1128/1088
f 382/1128/1088 736/1142/1100 1479/1131/1091
f 1484/1143/1101 1483/1141/1099 736/1142/1100
f 1483/1141/1099 1484/1143/1101 189/1138/1097
f 736/1142/1100 1483/1141/1099 379/1103/1067
f 736/1142/1100 379/1103/1067 1462/1098/1062
f 1485/1144/838 737/1145/1102 102/1127/838
f 102/1127/838 737/1145/1102 1475/1125/1086
f 1485/1144/838 1481/1137/1096 737/1145/1102
f 1481/1137/1096 1485/1144/838 383/1139/838
f 737/1145/1102 1481/1137/1096 189/1138/1097
f 737/1145/1102 189/1138/1097 1484/1143/1101
f 1475/1125/1086 1484/1143/1101 382/1128/1088
f 1484/1143/1101 1475/1125/1086 737/1145/1102
f 1065/301/301 1360/894/886 8/299/299
f 1360/894/886 1065/301/301 738/1146/1103
f 1486/1147/1104 1065/301/301 279/307/307
f 1065/301/301 1486/1147/1104 738/1146/1103
f 1486/1147/1104 190/1148/1105 738/1146/1103
f 190/1148/1105 1487/1149/1106 738/1146/1103
f 351/897/889 738/1146/1103 1487/1149/1106
f 738/1146/1103 351/897/889 1360/894/886
f 1069/314/314 1488/1150/1107 739/1151/1108
f 1488/1150/1107 1069/314/314 77/290/290
f 384/1152/1109 739/1151/1108 1488/1150/1107
f 739/1151/1108 384/1152/1109 1489/1153/1110
f 1486/1147/1104 1489/1153/1110 190/1148/1105
f 1489/1153/1110 1486/1147/1104 739/1151/1108
f 1069/314/314 739/1151/1108 279/307/307
f 279/307/307 739/1151/1108 1486/1147/1104
f 51/1154/1111 740/1155/1112 1492/1156/1113
f 740/1155/1112 51/1154/1111 1490/1157/1114
f 1491/1158/1115 1490/1157/1114 385/1159/1116
f 1490/1157/1114 1491/1158/1115 740/1155/1112
f 1489/1153/1110 740/1155/1112 190/1148/1105
f 190/1148/1105 740/1155/1112 1491/1158/1115
f 1489/1153/1110 1492/1156/1113 740/1155/1112
f 1492/1156/1113 1489/1153/1110 384/1152/1109
f 93/903/895 741/1160/1117 1493/1161/1118
f 741/1160/1117 93/903/895 1365/900/892
f 1487/1149/1106 1365/900/892 351/897/889
f 1365/900/892 1487/1149/1106 741/1160/1117
f 1491/1158/1115 1487/1149/1106 190/1148/1105
f 1487/1149/1106 1491/1158/1115 741/1160/1117
f 741/1160/1117 1491/1158/1115 385/1159/1116
f 385/1159/1116 1493/1161/1118 741/1160/1117
f 742/1162/1119 1052/279/279 12/281/281
f 742/1162/1119 12/281/281 1388/946/929
f 1494/1163/1120 1388/946/929 360/951/934
f 1388/946/929 1494/1163/1120 742/1162/1119
f 742/1162/1119 191/1164/1121 1495/1165/1122
f 191/1164/1121 742/1162/1119 1494/1163/1120
f 1495/1165/1122 1052/279/279 742/1162/1119
f 1052/279/279 1495/1165/1122 275/283/283
f 1496/1166/1123 1394/962/945 95/964/947
f 1394/962/945 1496/1166/1123 743/1167/1124
f 743/1167/1124 386/1168/1125 1497/1169/1126
f 386/1168/1125 743/1167/1124 1496/1166/1123
f 1497/1169/1126 1494/1163/1120 743/1167/1124
f 1494/1163/1120 1497/1169/1126 191/1164/1121
f 743/1167/1124 1494/1163/1120 360/951/934
f 743/1167/1124 360/951/934 1394/962/945
f 1492/1156/1113 1499/1170/1127 51/1154/1111
f 1499/1170/1127 1492/1156/1113 744/1171/1128
f 1498/1172/1129 744/1171/1128 384/1152/1109
f 384/1152/1109 744/1171/1128 1492/1156/1113
f 1498/1172/1129 1497/1169/1126 744/1171/1128
f 1497/1169/1126 1498/1172/1129 191/1164/1121
f 386/1168/1125 744/1171/1128 1497/1169/1126
f 744/1171/1128 386/1168/1125 1499/1170/1127
f 1058/289/289 745/1173/1130 77/290/290
f 77/290/290 745/1173/1130 1488/1150/1107
f 1058/289/289 1495/1165/1122 745/1173/1130
f 1495/1165/1122 1058/289/289 275/283/283
f 191/1164/1121 745/1173/1130 1495/1165/1122
f 745/1173/1130 191/1164/1121 1498/1172/1129
f 1488/1150/1107 1498/1172/1129 384/1152/1109
f 1498/1172/1129 1488/1150/1107 745/1173/1130
f 1500/1174/838 1414/1002/980 23/1004/838
f 1414/1002/980 1500/1174/838 746/1175/1131
f 746/1175/1131 387/1176/838 1501/1177/1132
f 387/1176/838 746/1175/1131 1500/1174/838
f 1501/1177/1132 1502/1178/1133 746/1175/1131
f 1502/1178/1133 1501/1177/1132 192/1179/1134
f 746/1175/1131 1502/1178/1133 366/1007/982
f 746/1175/1131 366/1007/982 1414/1002/980
f 1503/1180/1135 1505/1181/838 103/1182/838
f 1505/1181/838 1503/1180/1135 747/1183/1136
f 1504/1184/1137 747/1183/1136 388/1185/1138
f 388/1185/1138 747/1183/1136 1503/1180/1135
f 1504/1184/1137 1501/1177/1132 747/1183/1136
f 1501/1177/1132 1504/1184/1137 192/1179/1134
f 387/1176/838 747/1183/1136 1501/1177/1132
f 747/1183/1136 387/1176/838 1505/1181/838
f 1499/1170/1127 748/1186/1139 51/1154/1111
f 51/1154/1111 748/1186/1139 1507/1187/1140
f 1499/1170/1127 1506/1188/1141 748/1186/1139
f 1506/1188/1141 1499/1170/1127 386/1168/1125
f 192/1179/1134 748/1186/1139 1506/1188/1141
f 748/1186/1139 192/1179/1134 1504/1184/1137
f 1507/1187/1140 1504/1184/1137 388/1185/1138
f 1504/1184/1137 1507/1187/1140 748/1186/1139
f 749/1189/1142 1496/1166/1123 95/964/947
f 749/1189/1142 95/964/947 1419/1011/985
f 1502/1178/1133 1419/1011/985 366/1007/982
f 1419/1011/985 1502/1178/1133 749/1189/1142
f 749/1189/1142 192/1179/1134 1506/1188/1141
f 192/1179/1134 749/1189/1142 1502/1178/1133
f 1506/1188/1141 1496/1166/1123 749/1189/1142
f 1496/1166/1123 1506/1188/1141 386/1168/1125
f 21/913/838 750/1190/1143 1510/1191/838
f 750/1190/1143 21/913/838 1371/910/902
f 1508/1192/1144 1371/910/902 355/918/907
f 1371/910/902 1508/1192/1144 750/1190/1143
f 1509/1193/1145 1508/1192/1144 193/1194/1146
f 1508/1192/1144 1509/1193/1145 750/1190/1143
f 750/1190/1143 1509/1193/1145 389/1195/838
f 389/1195/838 1510/1191/838 750/1190/1143
f 1493/1161/1118 1377/928/915 93/903/895
f 1377/928/915 1493/1161/1118 751/1196/1147
f 1511/1197/1148 1493/1161/1118 385/1159/1116
f 1493/1161/1118 1511/1197/1148 751/1196/1147
f 751/1196/1147 1511/1197/1148 193/1194/1146
f 193/1194/1146 1508/1192/1144 751/1196/1147
f 355/918/907 751/1196/1147 1508/1192/1144
f 751/1196/1147 355/918/907 1377/928/915
f 1490/1157/1114 1507/1187/1140 752/1198/1149
f 1507/1187/1140 1490/1157/1114 51/1154/1111
f 388/1185/1138 752/1198/1149 1507/1187/1140
f 752/1198/1149 388/1185/1138 1512/1199/1150
f 1511/1197/1148 1512/1199/1150 193/1194/1146
f 1512/1199/1150 1511/1197/1148 752/1198/1149
f 1490/1157/1114 752/1198/1149 385/1159/1116
f 385/1159/1116 752/1198/1149 1511/1197/1148
f 103/1182/838 753/1200/1151 1503/1180/1135
f 753/1200/1151 103/1182/838 1513/1201/838
f 1509/1193/1145 1513/1201/838 389/1195/838
f 1513/1201/838 1509/1193/1145 753/1200/1151
f 1512/1199/1150 753/1200/1151 193/1194/1146
f 193/1194/1146 753/1200/1151 1509/1193/1145
f 1512/1199/1150 1503/1180/1135 753/1200/1151
f 1503/1180/1135 1512/1199/1150 388/1185/1138
f 1025/219/219 754/1202/1152 7/220/220
f 1324/822/822 7/220/220 754/1202/1152
f 1025/219/219 1514/1203/1153 754/1202/1152
f 1514/1203/1153 1025/219/219 267/226/226
f 754/1202/1152 194/1204/1154 1515/1205/1155
f 194/1204/1154 754/1202/1152 1514/1203/1153
f 1324/822/822 1515/1205/1155 341/824/824
f 1515/1205/1155 1324/822/822 754/1202/1152
f 1029/233/233 1516/1206/1156 755/1207/1157
f 1516/1206/1156 1029/233/233 83/209/209
f 755/1207/1157 390/1208/1158 1517/1209/1159
f 390/1208/1158 755/1207/1157 1516/1206/1156
f 1514/1203/1153 1517/1209/1159 194/1204/1154
f 1517/1209/1159 1514/1203/1153 755/1207/1157
f 1514/1203/1153 267/226/226 755/1207/1157
f 267/226/226 1029/233/233 755/1207/1157
f 756/1210/1160 52/1211/1161 1518/1212/1162
f 52/1211/1161 756/1210/1160 1520/1213/1163
f 1519/1214/1164 1518/1212/1162 391/1215/1165
f 1518/1212/1162 1519/1214/1164 756/1210/1160
f 1519/1214/1164 194/1204/1154 756/1210/1160
f 194/1204/1154 1517/1209/1159 756/1210/1160
f 1517/1209/1159 1520/1213/1163 756/1210/1160
f 1520/1213/1163 1517/1209/1159 390/1208/1158
f 1329/830/830 1521/1216/1166 92/828/828
f 1521/1216/1166 1329/830/830 757/1217/1167
f 1515/1205/1155 757/1217/1167 341/824/824
f 1329/830/830 341/824/824 757/1217/1167
f 1515/1205/1155 1519/1214/1164 757/1217/1167
f 1519/1214/1164 1515/1205/1155 194/1204/1154
f 757/1217/1167 391/1215/1165 1521/1216/1166
f 391/1215/1165 757/1217/1167 1519/1214/1164
f 1352/875/867 1012/198/198 15/200/200
f 1012/198/198 1352/875/867 758/1218/1168
f 1522/1219/1169 758/1218/1168 350/879/871
f 350/879/871 758/1218/1168 1352/875/867
f 1522/1219/1169 1523/1220/1170 758/1218/1168
f 1523/1220/1170 1522/1219/1169 195/1221/1171
f 758/1218/1168 1523/1220/1170 263/203/203
f 758/1218/1168 263/203/203 1012/198/198
f 1524/1222/1172 759/1223/1173 96/893/885
f 96/893/885 759/1223/1173 1358/891/883
f 1524/1222/1172 1525/1224/1174 759/1223/1173
f 1525/1224/1174 1524/1222/1172 392/1225/1175
f 759/1223/1173 1525/1224/1174 195/1221/1171
f 759/1223/1173 195/1221/1171 1522/1219/1169
f 1358/891/883 1522/1219/1169 350/879/871
f 1522/1219/1169 1358/891/883 759/1223/1173
f 1520/1213/1163 1527/1226/1176 52/1211/1161
f 1527/1226/1176 1520/1213/1163 760/1227/1177
f 1520/1213/1163 390/1208/1158 760/1227/1177
f 390/1208/1158 1526/1228/1178 760/1227/1177
f 1526/1228/1178 1525/1224/1174 760/1227/1177
f 1525/1224/1174 1526/1228/1178 195/1221/1171
f 760/1227/1177 392/1225/1175 1527/1226/1176
f 392/1225/1175 760/1227/1177 1525/1224/1174
f 1516/1206/1156 83/209/209 761/1229/1179
f 83/209/209 1018/208/208 761/1229/1179
f 1018/208/208 1523/1220/1170 761/1229/1179
f 1523/1220/1170 1018/208/208 263/203/203
f 761/1229/1179 195/1221/1171 1526/1228/1178
f 195/1221/1171 761/1229/1179 1523/1220/1170
f 1516/1206/1156 1526/1228/1178 390/1208/1158
f 1526/1228/1178 1516/1206/1156 761/1229/1179
f 1528/1230/838 762/1231/1180 24/933/838
f 24/933/838 762/1231/1180 1378/931/917
f 1528/1230/838 1529/1232/1181 762/1231/1180
f 1529/1232/1181 1528/1230/838 393/1233/838
f 762/1231/1180 1529/1232/1181 196/1234/1182
f 762/1231/1180 196/1234/1182 1530/1235/1183
f 1378/931/917 1530/1235/1183 356/934/919
f 1530/1235/1183 1378/931/917 762/1231/1180
f 1531/1236/1184 1533/1237/838 104/1238/838
f 1533/1237/838 1531/1236/1184 763/1239/1185
f 763/1239/1185 1531/1236/1184 394/1240/1186
f 394/1240/1186 1532/1241/1187 763/1239/1185
f 1532/1241/1187 1529/1232/1181 763/1239/1185
f 1529/1232/1181 1532/1241/1187 196/1234/1182
f 763/1239/1185 393/1233/838 1533/1237/838
f 393/1233/838 763/1239/1185 1529/1232/1181
f 1535/1242/1188 52/1211/1161 764/1243/1189
f 52/1211/1161 1527/1226/1176 764/1243/1189
f 1527/1226/1176 1534/1244/1190 764/1243/1189
f 1534/1244/1190 1527/1226/1176 392/1225/1175
f 764/1243/1189 196/1234/1182 1532/1241/1187
f 196/1234/1182 764/1243/1189 1534/1244/1190
f 1535/1242/1188 1532/1241/1187 394/1240/1186
f 1532/1241/1187 1535/1242/1188 764/1243/1189
f 1383/940/924 1524/1222/1172 96/893/885
f 1524/1222/1172 1383/940/924 765/1245/1191
f 1530/1235/1183 765/1245/1191 356/934/919
f 356/934/919 765/1245/1191 1383/940/924
f 1530/1235/1183 1534/1244/1190 765/1245/1191
f 1534/1244/1190 1530/1235/1183 196/1234/1182
f 765/1245/1191 1534/1244/1190 392/1225/1175
f 765/1245/1191 392/1225/1175 1524/1222/1172
f 1335/840/840 1538/1246/838 20/838/838
f 1538/1246/838 1335/840/840 766/1247/1192
f 1335/840/840 345/846/844 766/1247/1192
f 345/846/844 1536/1248/1193 766/1247/1192
f 1536/1248/1193 1537/1249/1194 766/1247/1192
f 1537/1249/1194 1536/1248/1193 197/1250/1195
f 766/1247/1192 395/1251/838 1538/1246/838
f 395/1251/838 766/1247/1192 1537/1249/1194
f 1341/856/852 92/828/828 767/1252/1196
f 92/828/828 1521/1216/1166 767/1252/1196
f 1521/1216/1166 1539/1253/1197 767/1252/1196
f 1539/1253/1197 1521/1216/1166 391/1215/1165
f 767/1252/1196 197/1250/1195 1536/1248/1193
f 197/1250/1195 767/1252/1196 1539/1253/1197
f 1341/856/852 1536/1248/1193 345/846/844
f 1536/1248/1193 1341/856/852 767/1252/1196
f 1518/1212/1162 1535/1242/1188 768/1254/1198
f 1535/1242/1188 1518/1212/1162 52/1211/1161
f 768/1254/1198 394/1240/1186 1540/1255/1199
f 394/1240/1186 768/1254/1198 1535/1242/1188
f 1539/1253/1197 1540/1255/1199 197/1250/1195
f 1540/1255/1199 1539/1253/1197 768/1254/1198
f 1539/1253/1197 391/1215/1165 768/1254/1198
f 391/1215/1165 1518/1212/1162 768/1254/1198
f 769/1256/1200 104/1238/838 1541/1257/838
f 104/1238/838 769/1256/1200 1531/1236/1184
f 1537/1249/1194 1541/1257/838 395/1251/838
f 1541/1257/838 1537/1249/1194 769/1256/1200
f 1537/1249/1194 197/1250/1195 769/1256/1200
f 197/1250/1195 1540/1255/1199 769/1256/1200
f 1540/1255/1199 1531/1236/1184 769/1256/1200
f 1531/1236/1184 1540/1255/1199 394/1240/1186
f 6/383/383 770/1258/1201 1396/967/950
f 770/1258/1201 6/383/383 1105/380/380
f 1542/1259/1202 1105/380/380 291/388/388
f 1105/380/380 1542/1259/1202 770/1258/1201
f 1543/1260/1203 770/1258/1201 198/1261/1204
f 1542/1259/1202 198/1261/1204 770/1258/1201
f 1543/1260/1203 1396/967/950 770/1258/1201
f 1396/967/950 1543/1260/1203 361/969/952
f 1544/1262/1205 1109/395/395 84/372/372
f 1109/395/395 1544/1262/1205 771/1263/1206
f 1544/1262/1205 396/1264/1207 771/1263/1206
f 396/1264/1207 1545/1265/1208 771/1263/1206
f 1545/1265/1208 1542/1259/1202 771/1263/1206
f 1542/1259/1202 1545/1265/1208 198/1261/1204
f 771/1263/1206 291/388/388 1109/395/395
f 291/388/388 771/1263/1206 1542/1259/1202
f 1548/1266/1209 53/1267/1210 772/1268/1211
f 53/1267/1210 1546/1269/1212 772/1268/1211
f 1546/1269/1212 1547/1270/1213 772/1268/1211
f 1547/1270/1213 1546/1269/1212 397/1271/1214
f 772/1268/1211 198/1261/1204 1545/1265/1208
f 198/1261/1204 772/1268/1211 1547/1270/1213
f 1548/1266/1209 1545/1265/1208 396/1264/1207
f 1545/1265/1208 1548/1266/1209 772/1268/1211
f 1549/1272/1215 1401/973/956 773/1273/1216
f 1401/973/956 1549/1272/1215 91/974/957
f 361/969/952 773/1273/1216 1401/973/956
f 773/1273/1216 361/969/952 1543/1260/1203
f 1547/1270/1213 1543/1260/1203 198/1261/1204
f 1543/1260/1203 1547/1270/1213 773/1273/1216
f 1549/1272/1215 773/1273/1216 397/1271/1214
f 1547/1270/1213 397/1271/1214 773/1273/1216
f 1092/363/363 1424/1018/991 774/1274/1217
f 1424/1018/991 1092/363/363 16/362/362
f 774/1274/1217 1424/1018/991 370/1023/996
f 774/1274/1217 370/1023/996 1550/1275/1218
f 1550/1275/1218 1551/1276/1219 774/1274/1217
f 1551/1276/1219 1550/1275/1218 199/1277/1220
f 774/1274/1217 287/365/365 1092/363/363
f 287/365/365 774/1274/1217 1551/1276/1219
f 775/1278/1221 1430/1036/1009 97/1035/1008
f 775/1278/1221 97/1035/1008 1552/1279/1222
f 1552/1279/1222 1553/1280/1223 775/1278/1221
f 1553/1280/1223 1552/1279/1222 398/1281/1224
f 775/1278/1221 199/1277/1220 1550/1275/1218
f 199/1277/1220 775/1278/1221 1553/1280/1223
f 1550/1275/1218 1430/1036/1009 775/1278/1221
f 1430/1036/1009 1550/1275/1218 370/1023/996
f 1555/1282/1225 1548/1266/1209 776/1283/1226
f 1548/1266/1209 1555/1282/1225 53/1267/1210
f 776/1283/1226 396/1264/1207 1554/1284/1227
f 396/1264/1207 776/1283/1226 1548/1266/1209
f 1553/1280/1223 1554/1284/1227 199/1277/1220
f 1554/1284/1227 1553/1280/1223 776/1283/1226
f 1553/1280/1223 398/1281/1224 776/1283/1226
f 398/1281/1224 1555/1282/1225 776/1283/1226
f 777/1285/1228 84/372/372 1098/369/369
f 84/372/372 777/1285/1228 1544/1262/1205
f 1551/1276/1219 1098/369/369 287/365/365
f 1098/369/369 1551/1276/1219 777/1285/1228
f 1551/1276/1219 199/1277/1220 777/1285/1228
f 199/1277/1220 1554/1284/1227 777/1285/1228
f 1554/1284/1227 1544/1262/1205 777/1285/1228
f 1544/1262/1205 1554/1284/1227 396/1264/1207
f 778/1286/1229 1450/1076/1043 25/1075/838
f 778/1286/1229 25/1075/838 1556/1287/838
f 1556/1287/838 1557/1288/1230 778/1286/1229
f 1557/1288/1230 1556/1287/838 399/1289/838
f 778/1286/1229 200/1290/1231 1558/1291/1232
f 200/1290/1231 778/1286/1229 1557/1288/1230
f 1558/1291/1232 1450/1076/1043 778/1286/1229
f 1450/1076/1043 1558/1291/1232 376/1079/1045
f 1561/1292/838 1559/1293/1233 779/1294/1234
f 1559/1293/1233 1561/1292/838 105/1295/838
f 779/1294/1234 400/1296/1235 1560/1297/1236
f 400/1296/1235 779/1294/1234 1559/1293/1233
f 1557/1288/1230 1560/1297/1236 200/1290/1231
f 1560/1297/1236 1557/1288/1230 779/1294/1234
f 779/1294/1234 1557/1288/1230 399/1289/838
f 399/1289/838 1561/1292/838 779/1294/1234
f 780/1298/1237 53/1267/1210 1555/1282/1225
f 53/1267/1210 780/1298/1237 1563/1299/1238
f 1562/1300/1239 1555/1282/1225 398/1281/1224
f 1555/1282/1225 1562/1300/1239 780/1298/1237
f 780/1298/1237 1562/1300/1239 200/1290/1231
f 200/1290/1231 1560/1297/1236 780/1298/1237
f 1560/1297/1236 1563/1299/1238 780/1298/1237
f 1563/1299/1238 1560/1297/1236 400/1296/1235
f 1552/1279/1222 1455/1083/1048 781/1301/1240
f 1455/1083/1048 1552/1279/1222 97/1035/1008
f 781/1301/1240 1455/1083/1048 376/1079/1045
f 781/1301/1240 376/1079/1045 1558/1291/1232
f 1558/1291/1232 1562/1300/1239 781/1301/1240
f 1562/1300/1239 1558/1291/1232 200/1290/1231
f 781/1301/1240 398/1281/1224 1552/1279/1222
f 398/1281/1224 781/1301/1240 1562/1300/1239
f 1566/1302/838 1407/983/965 782/1303/1241
f 1407/983/965 1566/1302/838 19/984/838
f 365/990/970 782/1303/1241 1407/983/965
f 782/1303/1241 365/990/970 1564/1304/1242
f 1565/1305/1243 1564/1304/1242 201/1306/1244
f 1564/1304/1242 1565/1305/1243 782/1303/1241
f 1565/1305/1243 401/1307/838 782/1303/1241
f 401/1307/838 1566/1302/838 782/1303/1241
f 91/974/957 783/1308/1245 1413/1001/979
f 783/1308/1245 91/974/957 1549/1272/1215
f 1567/1309/1246 1549/1272/1215 397/1271/1214
f 1549/1272/1215 1567/1309/1246 783/1308/1245
f 1567/1309/1246 201/1306/1244 783/1308/1245
f 201/1306/1244 1564/1304/1242 783/1308/1245
f 1564/1304/1242 1413/1001/979 783/1308/1245
f 1413/1001/979 1564/1304/1242 365/990/970
f 1563/1299/1238 1546/1269/1212 53/1267/1210
f 1546/1269/1212 1563/1299/1238 784/1310/1247
f 1563/1299/1238 400/1296/1235 784/1310/1247
f 400/1296/1235 1568/1311/1248 784/1310/1247
f 1568/1311/1248 1567/1309/1246 784/1310/1247
f 1567/1309/1246 1568/1311/1248 201/1306/1244
f 784/1310/1247 397/1271/1214 1546/1269/1212
f 397/1271/1214 784/1310/1247 1567/1309/1246
f 1559/1293/1233 105/1295/838 785/1312/1249
f 105/1295/838 1569/1313/838 785/1312/1249
f 1569/1313/838 1565/1305/1243 785/1312/1249
f 1565/1305/1243 1569/1313/838 401/1307/838
f 785/1312/1249 201/1306/1244 1568/1311/1248
f 201/1306/1244 785/1312/1249 1565/1305/1243
f 1559/1293/1233 1568/1311/1248 400/1296/1235
f 1568/1311/1248 1559/1293/1233 785/1312/1249
f 786/1314/838 22/861/838 1345/858/838
f 22/861/838 786/1314/838 1572/1315/838
f 1570/1316/838 786/1314/838 347/866/838
f 347/866/838 786/1314/838 1345/858/838
f 1570/1316/838 1571/1317/838 786/1314/838
f 1571/1317/838 1570/1316/838 202/1318/838
f 1571/1317/838 1572/1315/838 786/1314/838
f 1572/1315/838 1571/1317/838 404/1319/838
f 1573/1320/838 787/1321/838 98/848/838
f 98/848/838 787/1321/838 1349/872/838
f 1573/1320/838 1574/1322/838 787/1321/838
f 1574/1322/838 1573/1320/838 402/1323/838
f 202/1318/838 787/1321/838 1574/1322/838
f 787/1321/838 202/1318/838 1570/1316/838
f 1349/872/838 1570/1316/838 347/866/838
f 1570/1316/838 1349/872/838 787/1321/838
f 1577/1324/838 1575/1325/838 788/1326/838
f 1575/1325/838 1577/1324/838 54/1327/838
f 403/1328/838 788/1326/838 1575/1325/838
f 788/1326/838 403/1328/838 1576/1329/838
f 1574/1322/838 1576/1329/838 202/1318/838
f 1576/1329/838 1574/1322/838 788/1326/838
f 1577/1324/838 788/1326/838 402/1323/838
f 1574/1322/838 402/1323/838 788/1326/838
f 1579/1330/838 1578/1331/838 789/1332/838
f 1578/1331/838 1579/1330/838 110/1333/838
f 789/1332/838 404/1319/838 1571/1317/838
f 404/1319/838 789/1332/838 1578/1331/838
f 1576/1329/838 789/1332/838 202/1318/838
f 202/1318/838 789/1332/838 1571/1317/838
f 1576/1329/838 1579/1330/838 789/1332/838
f 1579/1330/838 1576/1329/838 403/1328/838
f 1332/841/838 1580/1334/838 790/1335/838
f 1580/1334/838 1332/841/838 20/838/838
f 405/1336/838 790/1335/838 1580/1334/838
f 790/1335/838 405/1336/838 1581/1337/838
f 790/1335/838 203/1338/838 1582/1339/838
f 203/1338/838 790/1335/838 1581/1337/838
f 1332/841/838 1582/1339/838 343/842/838
f 1582/1339/838 1332/841/838 790/1335/838
f 108/1340/838 791/1341/838 1585/1342/838
f 791/1341/838 108/1340/838 1583/1343/838
f 791/1341/838 406/1344/838 1584/1345/838
f 406/1344/838 791/1341/838 1583/1343/838
f 1581/1337/838 1584/1345/838 203/1338/838
f 1584/1345/838 1581/1337/838 791/1341/838
f 1581/1337/838 1585/1342/838 791/1341/838
f 1585/1342/838 1581/1337/838 405/1336/838
f 792/1346/838 54/1327/838 1577/1324/838
f 54/1327/838 792/1346/838 1587/1347/838
f 1586/1348/838 1577/1324/838 402/1323/838
f 1577/1324/838 1586/1348/838 792/1346/838
f 1586/1348/838 203/1338/838 792/1346/838
f 203/1338/838 1584/1345/838 792/1346/838
f 1584/1345/838 1587/1347/838 792/1346/838
f 1587/1347/838 1584/1345/838 406/1344/838
f 1338/850/838 1573/1320/838 98/848/838
f 1573/1320/838 1338/850/838 793/1349/838
f 1338/850/838 343/842/838 793/1349/838
f 343/842/838 1582/1339/838 793/1349/838
f 1582/1339/838 1586/1348/838 793/1349/838
f 1586/1348/838 1582/1339/838 203/1338/838
f 793/1349/838 402/1323/838 1573/1320/838
f 402/1323/838 793/1349/838 1586/1348/838
f 28/1350/838 794/1351/838 1591/1352/838
f 794/1351/838 28/1350/838 1588/1353/838
f 794/1351/838 407/1354/838 1589/1355/838
f 407/1354/838 794/1351/838 1588/1353/838
f 1590/1356/838 1589/1355/838 204/1357/838
f 1589/1355/838 1590/1356/838 794/1351/838
f 1590/1356/838 1591/1352/838 794/1351/838
f 1591/1352/838 1590/1356/838 409/1358/838
f 795/1359/838 114/1360/838 1592/1361/838
f 114/1360/838 795/1359/838 1594/1362/838
f 1593/1363/838 1592/1361/838 408/1364/838
f 1592/1361/838 1593/1363/838 795/1359/838
f 1589/1355/838 795/1359/838 204/1357/838
f 1593/1363/838 204/1357/838 795/1359/838
f 1589/1355/838 1594/1362/838 795/1359/838
f 1594/1362/838 1589/1355/838 407/1354/838
f 1587/1347/838 1596/1365/838 54/1327/838
f 1596/1365/838 1587/1347/838 796/1366/838
f 1587/1347/838 406/1344/838 796/1366/838
f 406/1344/838 1595/1367/838 796/1366/838
f 1595/1367/838 1593/1363/838 796/1366/838
f 1593/1363/838 1595/1367/838 204/1357/838
f 796/1366/838 408/1364/838 1596/1365/838
f 408/1364/838 796/1366/838 1593/1363/838
f 1583/1343/838 1597/1368/838 797/1369/838
f 1597/1368/838 1583/1343/838 108/1340/838
f 409/1358/838 797/1369/838 1597/1368/838
f 797/1369/838 409/1358/838 1590/1356/838
f 797/1369/838 204/1357/838 1595/1367/838
f 204/1357/838 797/1369/838 1590/1356/838
f 1583/1343/838 1595/1367/838 406/1344/838
f 1595/1367/838 1583/1343/838 797/1369/838
f 1601/1370/838 1598/1371/838 798/1372/838
f 1598/1371/838 1601/1370/838 30/1373/838
f 798/1372/838 410/1374/838 1599/1375/838
f 410/1374/838 798/1372/838 1598/1371/838
f 1600/1376/838 798/1372/838 205/1377/838
f 205/1377/838 798/1372/838 1599/1375/838
f 1600/1376/838 1601/1370/838 798/1372/838
f 1601/1370/838 1600/1376/838 411/1378/838
f 799/1379/838 110/1333/838 1579/1330/838
f 110/1333/838 799/1379/838 1603/1380/838
f 1602/1381/838 799/1379/838 403/1328/838
f 403/1328/838 799/1379/838 1579/1330/838
f 1602/1381/838 1599/1375/838 799/1379/838
f 1599/1375/838 1602/1381/838 205/1377/838
f 1599/1375/838 1603/1380/838 799/1379/838
f 1603/1380/838 1599/1375/838 410/1374/838
f 1596/1365/838 800/1382/838 54/1327/838
f 1575/1325/838 54/1327/838 800/1382/838
f 1596/1365/838 1604/1383/838 800/1382/838
f 1604/1383/838 1596/1365/838 408/1364/838
f 205/1377/838 800/1382/838 1604/1383/838
f 800/1382/838 205/1377/838 1602/1381/838
f 1575/1325/838 1602/1381/838 403/1328/838
f 1602/1381/838 1575/1325/838 800/1382/838
f 1592/1361/838 1605/1384/838 801/1385/838
f 1605/1384/838 1592/1361/838 114/1360/838
f 411/1378/838 801/1385/838 1605/1384/838
f 801/1385/838 411/1378/838 1600/1376/838
f 1604/1383/838 1600/1376/838 205/1377/838
f 1600/1376/838 1604/1383/838 801/1385/838
f 1592/1361/838 801/1385/838 408/1364/838
f 1604/1383/838 408/1364/838 801/1385/838
f 802/1386/838 1608/1387/838 24/933/838
f 802/1386/838 24/933/838 1381/930/838
f 802/1386/838 357/938/838 1606/1388/838
f 357/938/838 802/1386/838 1381/930/838
f 1607/1389/838 1606/1388/838 206/1390/838
f 1606/1388/838 1607/1389/838 802/1386/838
f 1607/1389/838 1608/1387/838 802/1386/838
f 1608/1387/838 1607/1389/838 414/1391/838
f 803/1392/838 99/921/838 1609/1393/838
f 99/921/838 803/1392/838 1385/944/838
f 1610/1394/838 1609/1393/838 412/1395/838
f 1609/1393/838 1610/1394/838 803/1392/838
f 1610/1394/838 206/1390/838 803/1392/838
f 206/1390/838 1606/1388/838 803/1392/838
f 1606/1388/838 1385/944/838 803/1392/838
f 1385/944/838 1606/1388/838 357/938/838
f 1611/1396/838 1613/1397/838 55/1398/838
f 1613/1397/838 1611/1396/838 804/1399/838
f 1611/1396/838 413/1400/838 804/1399/838
f 413/1400/838 1612/1401/838 804/1399/838
f 1612/1401/838 1610/1394/838 804/1399/838
f 1610/1394/838 1612/1401/838 206/1390/838
f 804/1399/838 412/1395/838 1613/1397/838
f 412/1395/838 804/1399/838 1610/1394/838
f 1615/1402/838 1614/1403/838 805/1404/838
f 1614/1403/838 1615/1402/838 112/1405/838
f 805/1404/838 1614/1403/838 414/1391/838
f 805/1404/838 414/1391/838 1607/1389/838
f 805/1404/838 206/1390/838 1612/1401/838
f 206/1390/838 805/1404/838 1607/1389/838
f 1615/1402/838 1612/1401/838 413/1400/838
f 1612/1401/838 1615/1402/838 805/1404/838
f 1616/1406/838 806/1407/838 21/913/838
f 21/913/838 806/1407/838 1368/911/838
f 1616/1406/838 1617/1408/838 806/1407/838
f 1617/1408/838 1616/1406/838 415/1409/838
f 806/1407/838 1617/1408/838 207/1410/838
f 806/1407/838 207/1410/838 1618/1411/838
f 1368/911/838 1618/1411/838 353/914/838
f 1618/1411/838 1368/911/838 806/1407/838
f 1621/1412/838 1619/1413/838 807/1414/838
f 1619/1413/838 1621/1412/838 109/1415/838
f 807/1414/838 1619/1413/838 416/1416/838
f 807/1414/838 416/1416/838 1620/1417/838
f 1617/1408/838 1620/1417/838 207/1410/838
f 1620/1417/838 1617/1408/838 807/1414/838
f 1621/1412/838 807/1414/838 415/1409/838
f 415/1409/838 807/1414/838 1617/1408/838
f 1623/1418/838 55/1398/838 808/1419/838
f 55/1398/838 1613/1397/838 808/1419/838
f 1613/1397/838 1622/1420/838 808/1419/838
f 1622/1420/838 1613/1397/838 412/1395/838
f 1620/1417/838 808/1419/838 207/1410/838
f 207/1410/838 808/1419/838 1622/1420/838
f 1620/1417/838 1623/1418/838 808/1419/838
f 1623/1418/838 1620/1417/838 416/1416/838
f 1609/1393/838 1374/920/838 809/1421/838
f 1374/920/838 1609/1393/838 99/921/838
f 1618/1411/838 809/1421/838 353/914/838
f 353/914/838 809/1421/838 1374/920/838
f 1618/1411/838 1622/1420/838 809/1421/838
f 1622/1420/838 1618/1411/838 207/1410/838
f 1622/1420/838 412/1395/838 809/1421/838
f 412/1395/838 1609/1393/838 809/1421/838
f 1627/1422/838 1624/1423/838 810/1424/838
f 1624/1423/838 1627/1422/838 29/1425/838
f 810/1424/838 1624/1423/838 417/1426/838
f 810/1424/838 417/1426/838 1625/1427/838
f 1626/1428/838 1625/1427/838 208/1429/838
f 1625/1427/838 1626/1428/838 810/1424/838
f 1627/1422/838 810/1424/838 419/1430/838
f 419/1430/838 810/1424/838 1626/1428/838
f 1630/1431/838 115/1432/838 811/1433/838
f 115/1432/838 1628/1434/838 811/1433/838
f 1628/1434/838 1629/1435/838 811/1433/838
f 1629/1435/838 1628/1434/838 418/1436/838
f 1625/1427/838 811/1433/838 208/1429/838
f 208/1429/838 811/1433/838 1629/1435/838
f 1625/1427/838 1630/1431/838 811/1433/838
f 1630/1431/838 1625/1427/838 417/1426/838
f 1632/1437/838 1623/1418/838 812/1438/838
f 1623/1418/838 1632/1437/838 55/1398/838
f 1631/1439/838 812/1438/838 416/1416/838
f 416/1416/838 812/1438/838 1623/1418/838
f 1631/1439/838 1629/1435/838 812/1438/838
f 1629/1435/838 1631/1439/838 208/1429/838
f 1629/1435/838 418/1436/838 812/1438/838
f 418/1436/838 1632/1437/838 812/1438/838
f 1633/1440/838 813/1441/838 109/1415/838
f 109/1415/838 813/1441/838 1619/1413/838
f 1633/1440/838 1626/1428/838 813/1441/838
f 1626/1428/838 1633/1440/838 419/1430/838
f 813/1441/838 1626/1428/838 208/1429/838
f 813/1441/838 208/1429/838 1631/1439/838
f 1619/1413/838 1631/1439/838 416/1416/838
f 1631/1439/838 1619/1413/838 813/1441/838
f 1637/1442/838 1634/1443/838 814/1444/838
f 1634/1443/838 1637/1442/838 32/1445/838
f 814/1444/838 1634/1443/838 420/1446/838
f 814/1444/838 420/1446/838 1635/1447/838
f 814/1444/838 209/1448/838 1636/1449/838
f 209/1448/838 814/1444/838 1635/1447/838
f 1637/1442/838 1636/1449/838 421/1450/838
f 1636/1449/838 1637/1442/838 814/1444/838
f 815/1451/838 1639/1452/838 112/1405/838
f 815/1451/838 112/1405/838 1615/1402/838
f 815/1451/838 413/1400/838 1638/1453/838
f 413/1400/838 815/1451/838 1615/1402/838
f 1635/1447/838 1638/1453/838 209/1448/838
f 1638/1453/838 1635/1447/838 815/1451/838
f 1635/1447/838 1639/1452/838 815/1451/838
f 1639/1452/838 1635/1447/838 420/1446/838
f 816/1454/838 55/1398/838 1632/1437/838
f 55/1398/838 816/1454/838 1611/1396/838
f 1640/1455/838 1632/1437/838 418/1436/838
f 1632/1437/838 1640/1455/838 816/1454/838
f 1640/1455/838 209/1448/838 816/1454/838
f 209/1448/838 1638/1453/838 816/1454/838
f 1638/1453/838 1611/1396/838 816/1454/838
f 1611/1396/838 1638/1453/838 413/1400/838
f 1641/1456/838 1628/1434/838 115/1432/838
f 1628/1434/838 1641/1456/838 817/1457/838
f 1641/1456/838 421/1450/838 817/1457/838
f 421/1450/838 1636/1449/838 817/1457/838
f 1636/1449/838 1640/1455/838 817/1457/838
f 1640/1455/838 1636/1449/838 209/1448/838
f 817/1457/838 418/1436/838 1628/1434/838
f 418/1436/838 817/1457/838 1640/1455/838
f 1644/1458/838 1417/1005/838 818/1459/838
f 1417/1005/838 1644/1458/838 23/1004/838
f 818/1459/838 1417/1005/838 367/1010/838
f 818/1459/838 367/1010/838 1642/1460/838
f 1643/1461/838 1642/1460/838 210/1462/838
f 1642/1460/838 1643/1461/838 818/1459/838
f 1644/1458/838 818/1459/838 424/1463/838
f 424/1463/838 818/1459/838 1643/1461/838
f 819/1464/838 100/992/838 1645/1465/838
f 100/992/838 819/1464/838 1421/1016/838
f 1646/1466/838 1645/1465/838 422/1467/838
f 1645/1465/838 1646/1466/838 819/1464/838
f 1642/1460/838 819/1464/838 210/1462/838
f 210/1462/838 819/1464/838 1646/1466/838
f 1642/1460/838 1421/1016/838 819/1464/838
f 1421/1016/838 1642/1460/838 367/1010/838
f 1647/1468/838 1649/1469/838 56/1470/838
f 1649/1469/838 1647/1468/838 820/1471/838
f 1648/1472/838 820/1471/838 423/1473/838
f 423/1473/838 820/1471/838 1647/1468/838
f 1648/1472/838 1646/1466/838 820/1471/838
f 1646/1466/838 1648/1472/838 210/1462/838
f 820/1471/838 422/1467/838 1649/1469/838
f 422/1467/838 820/1471/838 1646/1466/838
f 1650/1474/838 821/1475/838 111/1476/838
f 111/1476/838 821/1475/838 1651/1477/838
f 1650/1474/838 1643/1461/838 821/1475/838
f 1643/1461/838 1650/1474/838 424/1463/838
f 821/1475/838 1643/1461/838 210/1462/838
f 821/1475/838 210/1462/838 1648/1472/838
f 1651/1477/838 1648/1472/838 423/1473/838
f 1648/1472/838 1651/1477/838 821/1475/838
f 822/1478/838 19/984/838 1652/1479/838
f 19/984/838 822/1478/838 1404/982/838
f 1653/1480/838 1652/1479/838 425/1481/838
f 1652/1479/838 1653/1480/838 822/1478/838
f 1653/1480/838 211/1482/838 822/1478/838
f 211/1482/838 1654/1483/838 822/1478/838
f 1654/1483/838 1404/982/838 822/1478/838
f 1404/982/838 1654/1483/838 363/986/838
f 1655/1484/838 1657/1485/838 107/1486/838
f 1657/1485/838 1655/1484/838 823/1487/838
f 1655/1484/838 426/1488/838 823/1487/838
f 426/1488/838 1656/1489/838 823/1487/838
f 1656/1489/838 1653/1480/838 823/1487/838
f 1653/1480/838 1656/1489/838 211/1482/838
f 823/1487/838 425/1481/838 1657/1485/838
f 425/1481/838 823/1487/838 1653/1480/838
f 1649/1469/838 824/1490/838 56/1470/838
f 1659/1491/838 56/1470/838 824/1490/838
f 1649/1469/838 1658/1492/838 824/1490/838
f 1658/1492/838 1649/1469/838 422/1467/838
f 824/1490/838 211/1482/838 1656/1489/838
f 211/1482/838 824/1490/838 1658/1492/838
f 1659/1491/838 1656/1489/838 426/1488/838
f 1656/1489/838 1659/1491/838 824/1490/838
f 1645/1465/838 1410/991/838 825/1493/838
f 1410/991/838 1645/1465/838 100/992/838
f 825/1493/838 363/986/838 1654/1483/838
f 363/986/838 825/1493/838 1410/991/838
f 1658/1492/838 1654/1483/838 211/1482/838
f 1654/1483/838 1658/1492/838 825/1493/838
f 1645/1465/838 825/1493/838 422/1467/838
f 1658/1492/838 422/1467/838 825/1493/838
f 1660/1494/838 1663/1495/838 27/1496/838
f 1663/1495/838 1660/1494/838 826/1497/838
f 1660/1494/838 427/1498/838 826/1497/838
f 427/1498/838 1661/1499/838 826/1497/838
f 1661/1499/838 1662/1500/838 826/1497/838
f 1662/1500/838 1661/1499/838 212/1501/838
f 826/1497/838 429/1502/838 1663/1495/838
f 429/1502/838 826/1497/838 1662/1500/838
f 1664/1503/838 827/1504/838 116/1505/838
f 1666/1506/838 116/1505/838 827/1504/838
f 1664/1503/838 1665/1507/838 827/1504/838
f 1665/1507/838 1664/1503/838 428/1508/838
f 827/1504/838 212/1501/838 1661/1499/838
f 212/1501/838 827/1504/838 1665/1507/838
f 1666/1506/838 1661/1499/838 427/1498/838
f 1661/1499/838 1666/1506/838 827/1504/838
f 1668/1509/838 1659/1491/838 828/1510/838
f 1659/1491/838 1668/1509/838 56/1470/838
f 828/1510/838 426/1488/838 1667/1511/838
f 426/1488/838 828/1510/838 1659/1491/838
f 1665/1507/838 1667/1511/838 212/1501/838
f 1667/1511/838 1665/1507/838 828/1510/838
f 1668/1509/838 828/1510/838 428/1508/838
f 1665/1507/838 428/1508/838 828/1510/838
f 829/1512/838 107/1486/838 1669/1513/838
f 107/1486/838 829/1512/838 1655/1484/838
f 1662/1500/838 1669/1513/838 429/1502/838
f 1669/1513/838 1662/1500/838 829/1512/838
f 1662/1500/838 212/1501/838 829/1512/838
f 212/1501/838 1667/1511/838 829/1512/838
f 1667/1511/838 1655/1484/838 829/1512/838
f 1655/1484/838 1667/1511/838 426/1488/838
f 1670/1514/838 830/1515/838 31/1516/838
f 31/1516/838 830/1515/838 1673/1517/838
f 1670/1514/838 1671/1518/838 830/1515/838
f 1671/1518/838 1670/1514/838 430/1519/838
f 830/1515/838 1671/1518/838 213/1520/838
f 830/1515/838 213/1520/838 1672/1521/838
f 1673/1517/838 1672/1521/838 431/1522/838
f 1672/1521/838 1673/1517/838 830/1515/838
f 1675/1523/838 1651/1477/838 831/1524/838
f 1651/1477/838 1675/1523/838 111/1476/838
f 831/1524/838 1651/1477/838 423/1473/838
f 831/1524/838 423/1473/838 1674/1525/838
f 1671/1518/838 1674/1525/838 213/1520/838
f 1674/1525/838 1671/1518/838 831/1524/838
f 1675/1523/838 831/1524/838 430/1519/838
f 430/1519/838 831/1524/838 1671/1518/838
f 832/1526/838 56/1470/838 1668/1509/838
f 56/1470/838 832/1526/838 1647/1468/838
f 1676/1527/838 1668/1509/838 428/1508/838
f 1668/1509/838 1676/1527/838 832/1526/838
f 1674/1525/838 832/1526/838 213/1520/838
f 213/1520/838 832/1526/838 1676/1527/838
f 1674/1525/838 1647/1468/838 832/1526/838
f 1647/1468/838 1674/1525/838 423/1473/838
f 1677/1528/838 1664/1503/838 116/1505/838
f 1664/1503/838 1677/1528/838 833/1529/838
f 1672/1521/838 833/1529/838 431/1522/838
f 431/1522/838 833/1529/838 1677/1528/838
f 1672/1521/838 1676/1527/838 833/1529/838
f 1676/1527/838 1672/1521/838 213/1520/838
f 833/1529/838 428/1508/838 1664/1503/838
f 428/1508/838 833/1529/838 1676/1527/838
f 1453/1077/838 1680/1530/838 25/1075/838
f 1680/1530/838 1453/1077/838 834/1531/838
f 1453/1077/838 377/1082/838 834/1531/838
f 377/1082/838 1678/1532/838 834/1531/838
f 1678/1532/838 1679/1533/838 834/1531/838
f 1679/1533/838 1678/1532/838 214/1534/838
f 834/1531/838 434/1535/838 1680/1530/838
f 434/1535/838 834/1531/838 1679/1533/838
f 1457/1088/838 101/1064/838 835/1536/838
f 101/1064/838 1681/1537/838 835/1536/838
f 1681/1537/838 1682/1538/838 835/1536/838
f 1682/1538/838 1681/1537/838 432/1539/838
f 835/1536/838 214/1534/838 1678/1532/838
f 214/1534/838 835/1536/838 1682/1538/838
f 1457/1088/838 1678/1532/838 377/1082/838
f 1678/1532/838 1457/1088/838 835/1536/838
f 1685/1540/838 1683/1541/838 836/1542/838
f 1683/1541/838 1685/1540/838 57/1543/838
f 836/1542/838 433/1544/838 1684/1545/838
f 433/1544/838 836/1542/838 1683/1541/838
f 1682/1538/838 1684/1545/838 214/1534/838
f 1684/1545/838 1682/1538/838 836/1542/838
f 1682/1538/838 432/1539/838 836/1542/838
f 432/1539/838 1685/1540/838 836/1542/838
f 837/1546/838 113/1547/838 1686/1548/838
f 113/1547/838 837/1546/838 1687/1549/838
f 1679/1533/838 1686/1548/838 434/1535/838
f 1686/1548/838 1679/1533/838 837/1546/838
f 1679/1533/838 214/1534/838 837/1546/838
f 214/1534/838 1684/1545/838 837/1546/838
f 1684/1545/838 1687/1549/838 837/1546/838
f 1687/1549/838 1684/1545/838 433/1544/838
f 18/1056/838 838/1550/838 1440/1054/838
f 838/1550/838 18/1056/838 1688/1551/838
f 1689/1552/838 1688/1551/838 435/1553/838
f 1688/1551/838 1689/1552/838 838/1550/838
f 1690/1554/838 838/1550/838 215/1555/838
f 215/1555/838 838/1550/838 1689/1552/838
f 1690/1554/838 1440/1054/838 838/1550/838
f 1440/1054/838 1690/1554/838 373/1059/838
f 1691/1556/838 1693/1557/838 106/1558/838
f 1693/1557/838 1691/1556/838 839/1559/838
f 1692/1560/838 839/1559/838 436/1561/838
f 436/1561/838 839/1559/838 1691/1556/838
f 1692/1560/838 1689/1552/838 839/1559/838
f 1689/1552/838 1692/1560/838 215/1555/838
f 435/1553/838 839/1559/838 1689/1552/838
f 839/1559/838 435/1553/838 1693/1557/838
f 840/1562/838 57/1543/838 1685/1540/838
f 57/1543/838 840/1562/838 1695/1563/838
f 1694/1564/838 1685/1540/838 432/1539/838
f 1685/1540/838 1694/1564/838 840/1562/838
f 1694/1564/838 215/1555/838 840/1562/838
f 215/1555/838 1692/1560/838 840/1562/838
f 1692/1560/838 1695/1563/838 840/1562/838
f 1695/1563/838 1692/1560/838 436/1561/838
f 1446/1066/838 1681/1537/838 101/1064/838
f 1681/1537/838 1446/1066/838 841/1565/838
f 841/1565/838 1446/1066/838 373/1059/838
f 841/1565/838 373/1059/838 1690/1554/838
f 1690/1554/838 1694/1564/838 841/1565/838
f 1694/1564/838 1690/1554/838 215/1555/838
f 841/1565/838 432/1539/838 1681/1537/838
f 432/1539/838 841/1565/838 1694/1564/838
f 1696/1566/838 1699/1567/838 26/1568/838
f 1699/1567/838 1696/1566/838 842/1569/838
f 1697/1570/838 842/1569/838 437/1571/838
f 437/1571/838 842/1569/838 1696/1566/838
f 1697/1570/838 1698/1572/838 842/1569/838
f 1698/1572/838 1697/1570/838 216/1573/838
f 439/1574/838 842/1569/838 1698/1572/838
f 842/1569/838 439/1574/838 1699/1567/838
f 843/1575/838 117/1576/838 1700/1577/838
f 117/1576/838 843/1575/838 1702/1578/838
f 1701/1579/838 1700/1577/838 438/1580/838
f 1700/1577/838 1701/1579/838 843/1575/838
f 1701/1579/838 216/1573/838 843/1575/838
f 216/1573/838 1697/1570/838 843/1575/838
f 1697/1570/838 1702/1578/838 843/1575/838
f 1702/1578/838 1697/1570/838 437/1571/838
f 1695/1563/838 1704/1581/838 57/1543/838
f 1704/1581/838 1695/1563/838 844/1582/838
f 1695/1563/838 436/1561/838 844/1582/838
f 436/1561/838 1703/1583/838 844/1582/838
f 1703/1583/838 1701/1579/838 844/1582/838
f 1701/1579/838 1703/1583/838 216/1573/838
f 844/1582/838 438/1580/838 1704/1581/838
f 438/1580/838 844/1582/838 1701/1579/838
f 106/1558/838 845/1584/838 1691/1556/838
f 845/1584/838 106/1558/838 1705/1585/838
f 1698/1572/838 1705/1585/838 439/1574/838
f 1705/1585/838 1698/1572/838 845/1584/838
f 1703/1583/838 845/1584/838 216/1573/838
f 216/1573/838 845/1584/838 1698/1572/838
f 1703/1583/838 1691/1556/838 845/1584/838
f 1691/1556/838 1703/1583/838 436/1561/838
f 846/1586/838 33/1587/838 1706/1588/838
f 33/1587/838 846/1586/838 1709/1589/838
f 1707/1590/838 1706/1588/838 440/1591/838
f 1706/1588/838 1707/1590/838 846/1586/838
f 1708/1592/838 846/1586/838 217/1593/838
f 1707/1590/838 217/1593/838 846/1586/838
f 1708/1592/838 1709/1589/838 846/1586/838
f 1709/1589/838 1708/1592/838 441/1594/838
f 1687/1549/838 1711/1595/838 113/1547/838
f 1711/1595/838 1687/1549/838 847/1596/838
f 1687/1549/838 433/1544/838 847/1596/838
f 433/1544/838 1710/1597/838 847/1596/838
f 1710/1597/838 1707/1590/838 847/1596/838
f 1707/1590/838 1710/1597/838 217/1593/838
f 847/1596/838 440/1591/838 1711/1595/838
f 440/1591/838 847/1596/838 1707/1590/838
f 1683/1541/838 57/1543/838 848/1598/838
f 57/1543/838 1704/1581/838 848/1598/838
f 1704/1581/838 1712/1599/838 848/1598/838
f 1712/1599/838 1704/1581/838 438/1580/838
f 848/1598/838 217/1593/838 1710/1597/838
f 217/1593/838 848/1598/838 1712/1599/838
f 1683/1541/838 1710/1597/838 433/1544/838
f 1710/1597/838 1683/1541/838 848/1598/838
f 1700/1577/838 1713/1600/838 849/1601/838
f 1713/1600/838 1700/1577/838 117/1576/838
f 849/1601/838 441/1594/838 1708/1592/838
f 441/1594/838 849/1601/838 1713/1600/838
f 1712/1599/838 1708/1592/838 217/1593/838
f 1708/1592/838 1712/1599/838 849/1601/838
f 1712/1599/838 438/1580/838 849/1601/838
f 438/1580/838 1700/1577/838 849/1601/838
f 1688/1551/838 1482/1135/838 850/1602/838
f 1482/1135/838 1688/1551/838 18/1056/838
f 1714/1603/838 1482/1135/838 383/1139/838
f 1482/1135/838 1714/1603/838 850/1602/838
f 850/1602/838 218/1604/838 1715/1605/838
f 218/1604/838 850/1602/838 1714/1603/838
f 1688/1551/838 850/1602/838 435/1553/838
f 1715/1605/838 435/1553/838 850/1602/838
f 1716/1606/838 1485/1144/838 102/1127/838
f 1485/1144/838 1716/1606/838 851/1607/838
f 442/1608/838 1717/1609/838 851/1607/838
f 442/1608/838 851/1607/838 1716/1606/838
f 1717/1609/838 1714/1603/838 851/1607/838
f 1714/1603/838 1717/1609/838 218/1604/838
f 851/1607/838 1714/1603/838 383/1139/838
f 851/1607/838 383/1139/838 1485/1144/838
f 58/1610/838 1718/1611/838 852/1612/838
f 58/1610/838 852/1612/838 1720/1613/838
f 1718/1611/838 1719/1614/838 852/1612/838
f 1719/1614/838 1718/1611/838 443/1615/838
f 852/1612/838 1719/1614/838 218/1604/838
f 852/1612/838 218/1604/838 1717/1609/838
f 1720/1613/838 1717/1609/838 442/1608/838
f 1717/1609/838 1720/1613/838 852/1612/838
f 1693/1557/838 853/1616/838 106/1558/838
f 1721/1617/838 106/1558/838 853/1616/838
f 1693/1557/838 1715/1605/838 853/1616/838
f 1715/1605/838 1693/1557/838 435/1553/838
f 1719/1614/838 1715/1605/838 218/1604/838
f 1715/1605/838 1719/1614/838 853/1616/838
f 853/1616/838 443/1615/838 1721/1617/838
f 443/1615/838 853/1616/838 1719/1614/838
f 1572/1315/838 1472/1119/838 22/861/838
f 1472/1119/838 1572/1315/838 854/1618/838
f 1572/1315/838 404/1319/838 854/1618/838
f 404/1319/838 1722/1619/838 854/1618/838
f 1722/1619/838 1723/1620/838 854/1618/838
f 1723/1620/838 1722/1619/838 219/1621/838
f 854/1618/838 381/1121/838 1472/1119/838
f 381/1121/838 854/1618/838 1723/1620/838
f 855/1622/838 1578/1331/838 110/1333/838
f 110/1333/838 1724/1623/838 855/1622/838
f 1724/1623/838 1725/1624/838 855/1622/838
f 1725/1624/838 1724/1623/838 444/1625/838
f 855/1622/838 219/1621/838 1722/1619/838
f 219/1621/838 855/1622/838 1725/1624/838
f 1578/1331/838 1722/1619/838 404/1319/838
f 1722/1619/838 1578/1331/838 855/1622/838
f 1727/1626/838 1720/1613/838 856/1627/838
f 1720/1613/838 1727/1626/838 58/1610/838
f 856/1627/838 1720/1613/838 442/1608/838
f 856/1627/838 442/1608/838 1726/1628/838
f 1725/1624/838 1726/1628/838 219/1621/838
f 1726/1628/838 1725/1624/838 856/1627/838
f 444/1625/838 1727/1626/838 856/1627/838
f 444/1625/838 856/1627/838 1725/1624/838
f 857/1629/838 1716/1606/838 102/1127/838
f 857/1629/838 102/1127/838 1477/1124/838
f 1723/1620/838 1477/1124/838 381/1121/838
f 1477/1124/838 1723/1620/838 857/1629/838
f 219/1621/838 1726/1628/838 857/1629/838
f 219/1621/838 857/1629/838 1723/1620/838
f 1726/1628/838 1716/1606/838 857/1629/838
f 1716/1606/838 1726/1628/838 442/1608/838
f 858/1630/838 1598/1371/838 30/1373/838
f 30/1373/838 1728/1631/838 858/1630/838
f 1728/1631/838 1729/1632/838 858/1630/838
f 1729/1632/838 1728/1631/838 445/1633/838
f 858/1630/838 220/1634/838 1730/1635/838
f 220/1634/838 858/1630/838 1729/1632/838
f 1598/1371/838 1730/1635/838 410/1374/838
f 1730/1635/838 1598/1371/838 858/1630/838
f 1733/1636/838 1731/1637/838 859/1638/838
f 1731/1637/838 1733/1636/838 118/1639/838
f 859/1638/838 1731/1637/838 446/1640/838
f 859/1638/838 446/1640/838 1732/1641/838
f 1729/1632/838 1732/1641/838 220/1634/838
f 1732/1641/838 1729/1632/838 859/1638/838
f 445/1633/838 1733/1636/838 859/1638/838
f 445/1633/838 859/1638/838 1729/1632/838
f 860/1642/838 1735/1643/838 58/1610/838
f 860/1642/838 58/1610/838 1727/1626/838
f 1734/1644/838 1727/1626/838 444/1625/838
f 1727/1626/838 1734/1644/838 860/1642/838
f 220/1634/838 1732/1641/838 860/1642/838
f 220/1634/838 860/1642/838 1734/1644/838
f 1732/1641/838 1735/1643/838 860/1642/838
f 1735/1643/838 1732/1641/838 446/1640/838
f 1603/1380/838 1724/1623/838 110/1333/838
f 1724/1623/838 1603/1380/838 861/1645/838
f 861/1645/838 1603/1380/838 410/1374/838
f 410/1374/838 1730/1635/838 861/1645/838
f 1730/1635/838 1734/1644/838 861/1645/838
f 1734/1644/838 1730/1635/838 220/1634/838
f 861/1645/838 444/1625/838 1724/1623/838
f 444/1625/838 861/1645/838 1734/1644/838
f 1699/1567/838 862/1646/838 26/1568/838
f 1738/1647/838 26/1568/838 862/1646/838
f 1699/1567/838 1736/1648/838 862/1646/838
f 1736/1648/838 1699/1567/838 439/1574/838
f 1737/1649/838 1736/1648/838 221/1650/838
f 1736/1648/838 1737/1649/838 862/1646/838
f 862/1646/838 447/1651/838 1738/1647/838
f 447/1651/838 862/1646/838 1737/1649/838
f 1705/1585/838 1721/1617/838 863/1652/838
f 1721/1617/838 1705/1585/838 106/1558/838
f 1739/1653/838 1721/1617/838 443/1615/838
f 1721/1617/838 1739/1653/838 863/1652/838
f 863/1652/838 221/1650/838 1736/1648/838
f 221/1650/838 863/1652/838 1739/1653/838
f 1705/1585/838 863/1652/838 439/1574/838
f 1736/1648/838 439/1574/838 863/1652/838
f 1735/1643/838 1718/1611/838 58/1610/838
f 1718/1611/838 1735/1643/838 864/1654/838
f 446/1640/838 1740/1655/838 864/1654/838
f 446/1640/838 864/1654/838 1735/1643/838
f 1740/1655/838 1739/1653/838 864/1654/838
f 1739/1653/838 1740/1655/838 221/1650/838
f 864/1654/838 1739/1653/838 443/1615/838
f 864/1654/838 443/1615/838 1718/1611/838
f 118/1639/838 1741/1656/838 865/1657/838
f 118/1639/838 865/1657/838 1731/1637/838
f 1737/1649/838 1741/1656/838 447/1651/838
f 1741/1656/838 1737/1649/838 865/1657/838
f 865/1657/838 1737/1649/838 221/1650/838
f 865/1657/838 221/1650/838 1740/1655/838
f 1731/1637/838 1740/1655/838 446/1640/838
f 1740/1655/838 1731/1637/838 865/1657/838
f 1510/1191/838 1616/1406/838 21/913/838
f 1616/1406/838 1510/1191/838 866/1658/838
f 1510/1191/838 1742/1659/838 866/1658/838
f 1742/1659/838 1510/1191/838 389/1195/838
f 866/1658/838 1742/1659/838 222/1660/838
f 866/1658/838 222/1660/838 1743/1661/838
f 415/1409/838 866/1658/838 1743/1661/838
f 866/1658/838 415/1409/838 1616/1406/838
f 1513/1201/838 1744/1662/838 867/1663/838
f 1744/1662/838 1513/1201/838 103/1182/838
f 867/1663/838 1744/1662/838 448/1664/838
f 867/1663/838 448/1664/838 1745/1665/838
f 1742/1659/838 1745/1665/838 222/1660/838
f 1745/1665/838 1742/1659/838 867/1663/838
f 1513/1201/838 867/1663/838 389/1195/838
f 389/1195/838 867/1663/838 1742/1659/838
f 868/1666/838 1748/1667/838 59/1668/838
f 868/1666/838 59/1668/838 1746/1669/838
f 1747/1670/838 1746/1669/838 449/1671/838
f 1746/1669/838 1747/1670/838 868/1666/838
f 1745/1665/838 868/1666/838 222/1660/838
f 222/1660/838 868/1666/838 1747/1670/838
f 1745/1665/838 1748/1667/838 868/1666/838
f 1748/1667/838 1745/1665/838 448/1664/838
f 109/1415/838 869/1672/838 1749/1673/838
f 869/1672/838 109/1415/838 1621/1412/838
f 1743/1661/838 1621/1412/838 415/1409/838
f 1621/1412/838 1743/1661/838 869/1672/838
f 1743/1661/838 1747/1670/838 869/1672/838
f 1747/1670/838 1743/1661/838 222/1660/838
f 869/1672/838 1747/1670/838 449/1671/838
f 869/1672/838 449/1671/838 1749/1673/838
f 870/1674/838 1500/1174/838 23/1004/838
f 870/1674/838 23/1004/838 1644/1458/838
f 1750/1675/838 1644/1458/838 424/1463/838
f 1644/1458/838 1750/1675/838 870/1674/838
f 870/1674/838 223/1676/838 1751/1677/838
f 223/1676/838 870/1674/838 1750/1675/838
f 1500/1174/838 1751/1677/838 387/1176/838
f 1751/1677/838 1500/1174/838 870/1674/838
f 1752/1678/838 1650/1474/838 111/1476/838
f 1650/1474/838 1752/1678/838 871/1679/838
f 871/1679/838 450/1680/838 1753/1681/838
f 450/1680/838 871/1679/838 1752/1678/838
f 1750/1675/838 1753/1681/838 223/1676/838
f 1753/1681/838 1750/1675/838 871/1679/838
f 1750/1675/838 424/1463/838 871/1679/838
f 871/1679/838 424/1463/838 1650/1474/838
f 1748/1667/838 1755/1682/838 59/1668/838
f 1755/1682/838 1748/1667/838 872/1683/838
f 448/1664/838 1754/1684/838 872/1683/838
f 448/1664/838 872/1683/838 1748/1667/838
f 1754/1684/838 1753/1681/838 872/1683/838
f 1753/1681/838 1754/1684/838 223/1676/838
f 450/1680/838 872/1683/838 1753/1681/838
f 872/1683/838 450/1680/838 1755/1682/838
f 103/1182/838 1505/1181/838 873/1685/838
f 103/1182/838 873/1685/838 1744/1662/838
f 1505/1181/838 1751/1677/838 873/1685/838
f 1751/1677/838 1505/1181/838 387/1176/838
f 223/1676/838 873/1685/838 1751/1677/838
f 873/1685/838 223/1676/838 1754/1684/838
f 1744/1662/838 1754/1684/838 448/1664/838
f 1754/1684/838 1744/1662/838 873/1685/838
f 1756/1686/838 1670/1514/838 31/1516/838
f 1670/1514/838 1756/1686/838 874/1687/838
f 874/1687/838 451/1688/838 1757/1689/838
f 451/1688/838 874/1687/838 1756/1686/838
f 1758/1690/838 1757/1689/838 224/1691/838
f 1757/1689/838 1758/1690/838 874/1687/838
f 1758/1690/838 430/1519/838 874/1687/838
f 874/1687/838 430/1519/838 1670/1514/838
f 1759/1692/838 1761/1693/838 119/1694/838
f 1761/1693/838 1759/1692/838 875/1695/838
f 452/1696/838 1760/1697/838 875/1695/838
f 452/1696/838 875/1695/838 1759/1692/838
f 1760/1697/838 1757/1689/838 875/1695/838
f 1757/1689/838 1760/1697/838 224/1691/838
f 451/1688/838 875/1695/838 1757/1689/838
f 875/1695/838 451/1688/838 1761/1693/838
f 59/1668/838 1755/1682/838 876/1698/838
f 59/1668/838 876/1698/838 1763/1699/838
f 1755/1682/838 1762/1700/838 876/1698/838
f 1762/1700/838 1755/1682/838 450/1680/838
f 224/1691/838 876/1698/838 1762/1700/838
f 876/1698/838 224/1691/838 1760/1697/838
f 1763/1699/838 1760/1697/838 452/1696/838
f 1760/1697/838 1763/1699/838 876/1698/838
f 1752/1678/838 111/1476/838 877/1701/838
f 877/1701/838 111/1476/838 1675/1523/838
f 1758/1690/838 1675/1523/838 430/1519/838
f 1675/1523/838 1758/1690/838 877/1701/838
f 877/1701/838 224/1691/838 1762/1700/838
f 224/1691/838 877/1701/838 1758/1690/838
f 1752/1678/838 1762/1700/838 450/1680/838
f 1762/1700/838 1752/1678/838 877/1701/838
f 29/1425/838 878/1702/838 1766/1703/838
f 878/1702/838 29/1425/838 1627/1422/838
f 1764/1704/838 1627/1422/838 419/1430/838
f 1627/1422/838 1764/1704/838 878/1702/838
f 1765/1705/838 1764/1704/838 225/1706/838
f 1764/1704/838 1765/1705/838 878/1702/838
f 878/1702/838 1765/1705/838 453/1707/838
f 878/1702/838 453/1707/838 1766/1703/838
f 1749/1673/838 1633/1440/838 109/1415/838
f 1633/1440/838 1749/1673/838 879/1708/838
f 1767/1709/838 1749/1673/838 449/1671/838
f 1749/1673/838 1767/1709/838 879/1708/838
f 879/1708/838 1767/1709/838 225/1706/838
f 879/1708/838 225/1706/838 1764/1704/838
f 419/1430/838 879/1708/838 1764/1704/838
f 879/1708/838 419/1430/838 1633/1440/838
f 1746/1669/838 1763/1699/838 880/1710/838
f 1763/1699/838 1746/1669/838 59/1668/838
f 880/1710/838 1763/1699/838 452/1696/838
f 880/1710/838 452/1696/838 1768/1711/838
f 1767/1709/838 1768/1711/838 225/1706/838
f 1768/1711/838 1767/1709/838 880/1710/838
f 449/1671/838 1746/1669/838 880/1710/838
f 449/1671/838 880/1710/838 1767/1709/838
f 881/1712/838 1759/1692/838 119/1694/838
f 881/1712/838 119/1694/838 1769/1713/838
f 1765/1705/838 1769/1713/838 453/1707/838
f 1769/1713/838 1765/1705/838 881/1712/838
f 225/1706/838 1768/1711/838 881/1712/838
f 225/1706/838 881/1712/838 1765/1705/838
f 1768/1711/838 1759/1692/838 881/1712/838
f 1759/1692/838 1768/1711/838 452/1696/838
f 1580/1334/838 20/838/838 882/1714/838
f 20/838/838 1538/1246/838 882/1714/838
f 1538/1246/838 1770/1715/838 882/1714/838
f 1770/1715/838 1538/1246/838 395/1251/838
f 882/1714/838 226/1716/838 1771/1717/838
f 226/1716/838 882/1714/838 1770/1715/838
f 1580/1334/838 1771/1717/838 405/1336/838
f 1771/1717/838 1580/1334/838 882/1714/838
f 1541/1257/838 1772/1718/838 883/1719/838
f 1772/1718/838 1541/1257/838 104/1238/838
f 883/1719/838 454/1720/838 1773/1721/838
f 454/1720/838 883/1719/838 1772/1718/838
f 1770/1715/838 1773/1721/838 226/1716/838
f 1773/1721/838 1770/1715/838 883/1719/838
f 1770/1715/838 395/1251/838 883/1719/838
f 395/1251/838 1541/1257/838 883/1719/838
f 884/1722/838 60/1723/838 1774/1724/838
f 60/1723/838 884/1722/838 1776/1725/838
f 1775/1726/838 1774/1724/838 455/1727/838
f 1774/1724/838 1775/1726/838 884/1722/838
f 884/1722/838 1775/1726/838 226/1716/838
f 226/1716/838 1773/1721/838 884/1722/838
f 1773/1721/838 1776/1725/838 884/1722/838
f 1776/1725/838 1773/1721/838 454/1720/838
f 1585/1342/838 1777/1728/838 108/1340/838
f 1777/1728/838 1585/1342/838 885/1729/838
f 1585/1342/838 405/1336/838 885/1729/838
f 405/1336/838 1771/1717/838 885/1729/838
f 1771/1717/838 1775/1726/838 885/1729/838
f 1775/1726/838 1771/1717/838 226/1716/838
f 885/1729/838 455/1727/838 1777/1728/838
f 455/1727/838 885/1729/838 1775/1726/838
f 1608/1387/838 1528/1230/838 24/933/838
f 1528/1230/838 1608/1387/838 886/1730/838
f 1778/1731/838 886/1730/838 414/1391/838
f 414/1391/838 886/1730/838 1608/1387/838
f 1778/1731/838 1779/1732/838 886/1730/838
f 1779/1732/838 1778/1731/838 227/1733/838
f 886/1730/838 1779/1732/838 393/1233/838
f 886/1730/838 393/1233/838 1528/1230/838
f 112/1405/838 1780/1734/838 887/1735/838
f 112/1405/838 887/1735/838 1614/1403/838
f 1781/1736/838 1780/1734/838 456/1737/838
f 1780/1734/838 1781/1736/838 887/1735/838
f 887/1735/838 1781/1736/838 227/1733/838
f 887/1735/838 227/1733/838 1778/1731/838
f 1614/1403/838 1778/1731/838 414/1391/838
f 1778/1731/838 1614/1403/838 887/1735/838
f 1776/1725/838 1783/1738/838 60/1723/838
f 1783/1738/838 1776/1725/838 888/1739/838
f 888/1739/838 1776/1725/838 454/1720/838
f 454/1720/838 1782/1740/838 888/1739/838
f 1781/1736/838 1782/1740/838 227/1733/838
f 1782/1740/838 1781/1736/838 888/1739/838
f 888/1739/838 456/1737/838 1783/1738/838
f 456/1737/838 888/1739/838 1781/1736/838
f 889/1741/838 1772/1718/838 104/1238/838
f 104/1238/838 1533/1237/838 889/1741/838
f 1533/1237/838 1779/1732/838 889/1741/838
f 1779/1732/838 1533/1237/838 393/1233/838
f 889/1741/838 227/1733/838 1782/1740/838
f 227/1733/838 889/1741/838 1779/1732/838
f 1772/1718/838 1782/1740/838 454/1720/838
f 1782/1740/838 1772/1718/838 889/1741/838
f 32/1445/838 1784/1742/838 890/1743/838
f 32/1445/838 890/1743/838 1634/1443/838
f 1785/1744/838 1784/1742/838 457/1745/838
f 1784/1742/838 1785/1744/838 890/1743/838
f 890/1743/838 1785/1744/838 228/1746/838
f 890/1743/838 228/1746/838 1786/1747/838
f 1634/1443/838 1786/1747/838 420/1446/838
f 1786/1747/838 1634/1443/838 890/1743/838
f 1787/1748/838 1789/1749/838 120/1750/838
f 1789/1749/838 1787/1748/838 891/1751/838
f 891/1751/838 1787/1748/838 458/1752/838
f 458/1752/838 1788/1753/838 891/1751/838
f 1785/1744/838 1788/1753/838 228/1746/838
f 1788/1753/838 1785/1744/838 891/1751/838
f 891/1751/838 457/1745/838 1789/1749/838
f 457/1745/838 891/1751/838 1785/1744/838
f 892/1754/838 1791/1755/838 60/1723/838
f 60/1723/838 1783/1738/838 892/1754/838
f 1790/1756/838 1783/1738/838 456/1737/838
f 1783/1738/838 1790/1756/838 892/1754/838
f 892/1754/838 228/1746/838 1788/1753/838
f 228/1746/838 892/1754/838 1790/1756/838
f 1791/1755/838 1788/1753/838 458/1752/838
f 1788/1753/838 1791/1755/838 892/1754/838
f 1639/1452/838 1780/1734/838 112/1405/838
f 1780/1734/838 1639/1452/838 893/1757/838
f 420/1446/838 1786/1747/838 893/1757/838
f 420/1446/838 893/1757/838 1639/1452/838
f 1790/1756/838 1786/1747/838 228/1746/838
f 1786/1747/838 1790/1756/838 893/1757/838
f 893/1757/838 1790/1756/838 456/1737/838
f 893/1757/838 456/1737/838 1780/1734/838
f 1591/1352/838 1794/1758/838 28/1350/838
f 1794/1758/838 1591/1352/838 894/1759/838
f 409/1358/838 1792/1760/838 894/1759/838
f 409/1358/838 894/1759/838 1591/1352/838
f 1792/1760/838 1793/1761/838 894/1759/838
f 1793/1761/838 1792/1760/838 229/1762/838
f 894/1759/838 459/1763/838 1794/1758/838
f 459/1763/838 894/1759/838 1793/1761/838
f 108/1340/838 1777/1728/838 895/1764/838
f 108/1340/838 895/1764/838 1597/1368/838
f 1777/1728/838 1795/1765/838 895/1764/838
f 1795/1765/838 1777/1728/838 455/1727/838
f 895/1764/838 229/1762/838 1792/1760/838
f 229/1762/838 895/1764/838 1795/1765/838
f 1597/1368/838 1792/1760/838 409/1358/838
f 1792/1760/838 1597/1368/838 895/1764/838
f 1774/1724/838 1791/1755/838 896/1766/838
f 1791/1755/838 1774/1724/838 60/1723/838
f 896/1766/838 458/1752/838 1796/1767/838
f 458/1752/838 896/1766/838 1791/1755/838
f 1795/1765/838 1796/1767/838 229/1762/838
f 1796/1767/838 1795/1765/838 896/1766/838
f 896/1766/838 1795/1765/838 455/1727/838
f 455/1727/838 1774/1724/838 896/1766/838
f 897/1768/838 120/1750/838 1797/1769/838
f 120/1750/838 897/1768/838 1787/1748/838
f 1793/1761/838 1797/1769/838 459/1763/838
f 1797/1769/838 1793/1761/838 897/1768/838
f 897/1768/838 1793/1761/838 229/1762/838
f 229/1762/838 1796/1767/838 897/1768/838
f 1796/1767/838 1787/1748/838 897/1768/838
f 1787/1748/838 1796/1767/838 458/1752/838
f 19/984/838 898/1770/838 1652/1479/838
f 898/1770/838 19/984/838 1566/1302/838
f 1798/1771/838 1566/1302/838 401/1307/838
f 1566/1302/838 1798/1771/838 898/1770/838
f 1798/1771/838 230/1772/838 898/1770/838
f 230/1772/838 1799/1773/838 898/1770/838
f 1799/1773/838 1652/1479/838 898/1770/838
f 1652/1479/838 1799/1773/838 425/1481/838
f 1800/1774/838 1569/1313/838 105/1295/838
f 1569/1313/838 1800/1774/838 899/1775/838
f 899/1775/838 1800/1774/838 460/1776/838
f 460/1776/838 1801/1777/838 899/1775/838
f 1801/1777/838 1798/1771/838 899/1775/838
f 1798/1771/838 1801/1777/838 230/1772/838
f 899/1775/838 401/1307/838 1569/1313/838
f 401/1307/838 899/1775/838 1798/1771/838
f 900/1778/838 1804/1779/838 61/1780/838
f 61/1780/838 1802/1781/838 900/1778/838
f 1802/1781/838 1803/1782/838 900/1778/838
f 1803/1782/838 1802/1781/838 461/1783/838
f 900/1778/838 230/1772/838 1801/1777/838
f 230/1772/838 900/1778/838 1803/1782/838
f 1804/1779/838 1801/1777/838 460/1776/838
f 1801/1777/838 1804/1779/838 900/1778/838
f 1805/1784/838 1657/1485/838 901/1785/838
f 1657/1485/838 1805/1784/838 107/1486/838
f 425/1481/838 901/1785/838 1657/1485/838
f 901/1785/838 425/1481/838 1799/1773/838
f 1803/1782/838 1799/1773/838 230/1772/838
f 1799/1773/838 1803/1782/838 901/1785/838
f 1803/1782/838 461/1783/838 901/1785/838
f 461/1783/838 1805/1784/838 901/1785/838
f 1556/1287/838 1680/1530/838 902/1786/838
f 1680/1530/838 1556/1287/838 25/1075/838
f 902/1786/838 1680/1530/838 434/1535/838
f 902/1786/838 434/1535/838 1806/1787/838
f 1806/1787/838 1807/1788/838 902/1786/838
f 1807/1788/838 1806/1787/838 231/1789/838
f 902/1786/838 399/1289/838 1556/1287/838
f 399/1289/838 902/1786/838 1807/1788/838
f 903/1790/838 1686/1548/838 113/1547/838
f 903/1790/838 113/1547/838 1808/1791/838
f 1808/1791/838 1809/1792/838 903/1790/838
f 1809/1792/838 1808/1791/838 462/1793/838
f 903/1790/838 231/1789/838 1806/1787/838
f 231/1789/838 903/1790/838 1809/1792/838
f 1686/1548/838 1806/1787/838 434/1535/838
f 1806/1787/838 1686/1548/838 903/1790/838
f 1811/1794/838 1804/1779/838 904/1795/838
f 1804/1779/838 1811/1794/838 61/1780/838
f 904/1795/838 460/1776/838 1810/1796/838
f 460/1776/838 904/1795/838 1804/1779/838
f 1809/1792/838 1810/1796/838 231/1789/838
f 1810/1796/838 1809/1792/838 904/1795/838
f 904/1795/838 1809/1792/838 462/1793/838
f 462/1793/838 1811/1794/838 904/1795/838
f 905/1797/838 105/1295/838 1561/1292/838
f 105/1295/838 905/1797/838 1800/1774/838
f 1807/1788/838 1561/1292/838 399/1289/838
f 1561/1292/838 1807/1788/838 905/1797/838
f 905/1797/838 1807/1788/838 231/1789/838
f 231/1789/838 1810/1796/838 905/1797/838
f 1810/1796/838 1800/1774/838 905/1797/838
f 1800/1774/838 1810/1796/838 460/1776/838
f 906/1798/838 1706/1588/838 33/1587/838
f 906/1798/838 33/1587/838 1812/1799/838
f 1812/1799/838 1813/1800/838 906/1798/838
f 1813/1800/838 1812/1799/838 463/1801/838
f 906/1798/838 232/1802/838 1814/1803/838
f 232/1802/838 906/1798/838 1813/1800/838
f 1706/1588/838 1814/1803/838 440/1591/838
f 1814/1803/838 1706/1588/838 906/1798/838
f 1817/1804/838 1815/1805/838 907/1806/838
f 1815/1805/838 1817/1804/838 121/1807/838
f 907/1806/838 464/1808/838 1816/1809/838
f 464/1808/838 907/1806/838 1815/1805/838
f 1813/1800/838 1816/1809/838 232/1802/838
f 1816/1809/838 1813/1800/838 907/1806/838
f 907/1806/838 1813/1800/838 463/1801/838
f 463/1801/838 1817/1804/838 907/1806/838
f 908/1810/838 61/1780/838 1811/1794/838
f 61/1780/838 908/1810/838 1819/1811/838
f 1818/1812/838 1811/1794/838 462/1793/838
f 1811/1794/838 1818/1812/838 908/1810/838
f 908/1810/838 1818/1812/838 232/1802/838
f 232/1802/838 1816/1809/838 908/1810/838
f 1816/1809/838 1819/1811/838 908/1810/838
f 1819/1811/838 1816/1809/838 464/1808/838
f 1711/1595/838 1808/1791/838 113/1547/838
f 1808/1791/838 1711/1595/838 909/1813/838
f 909/1813/838 1711/1595/838 440/1591/838
f 909/1813/838 440/1591/838 1814/1803/838
f 1814/1803/838 1818/1812/838 909/1813/838
f 1818/1812/838 1814/1803/838 232/1802/838
f 909/1813/838 462/1793/838 1808/1791/838
f 462/1793/838 909/1813/838 1818/1812/838
f 1822/1814/838 1663/1495/838 910/1815/838
f 1663/1495/838 1822/1814/838 27/1496/838
f 429/1502/838 910/1815/838 1663/1495/838
f 910/1815/838 429/1502/838 1820/1816/838
f 1821/1817/838 1820/1816/838 233/1818/838
f 1820/1816/838 1821/1817/838 910/1815/838
f 1821/1817/838 465/1819/838 910/1815/838
f 465/1819/838 1822/1814/838 910/1815/838
f 107/1486/838 911/1820/838 1669/1513/838
f 911/1820/838 107/1486/838 1805/1784/838
f 1823/1821/838 1805/1784/838 461/1783/838
f 1805/1784/838 1823/1821/838 911/1820/838
f 1823/1821/838 233/1818/838 911/1820/838
f 233/1818/838 1820/1816/838 911/1820/838
f 1820/1816/838 1669/1513/838 911/1820/838
f 1669/1513/838 1820/1816/838 429/1502/838
f 1819/1811/838 1802/1781/838 61/1780/838
f 1802/1781/838 1819/1811/838 912/1822/838
f 912/1822/838 1819/1811/838 464/1808/838
f 464/1808/838 1824/1823/838 912/1822/838
f 1824/1823/838 1823/1821/838 912/1822/838
f 1823/1821/838 1824/1823/838 233/1818/838
f 912/1822/838 461/1783/838 1802/1781/838
f 461/1783/838 912/1822/838 1823/1821/838
f 913/1824/838 1815/1805/838 121/1807/838
f 121/1807/838 1825/1825/838 913/1824/838
f 1825/1825/838 1821/1817/838 913/1824/838
f 1821/1817/838 1825/1825/838 465/1819/838
f 913/1824/838 233/1818/838 1824/1823/838
f 233/1818/838 913/1824/838 1821/1817/838
f 1815/1805/838 1824/1823/838 464/1808/838
f 1824/1823/838 1815/1805/838 913/1824/838
